asset_id,timestamp,temperature_c,vibration_mm_s,partial_discharge_pc,oil_quality_index,label_failure_within_14d
SUB-001,2026-06-15T08:00:00,58.1,2.32,12.1,87.7,0
SUB-001,2026-06-16T08:00:00,58.1,1.79,13.4,85.8,0
SUB-001,2026-06-17T08:00:00,57.9,2.44,13.1,88.6,0
SUB-001,2026-06-18T08:00:00,60.5,2.44,10.2,84.3,0
SUB-001,2026-06-19T08:00:00,59.3,2.92,12.5,86.1,0
SUB-001,2026-06-20T08:00:00,60.1,1.81,11.5,87.3,0
SUB-001,2026-06-21T08:00:00,61.2,2.29,13.5,86.8,0
SUB-001,2026-06-22T08:00:00,60.9,1.95,14.1,83.3,0
SUB-001,2026-06-23T08:00:00,50.7,2.15,9.7,88.1,0
SUB-001,2026-06-24T08:00:00,60.5,1.9,15.0,84.3,0
SUB-001,2026-06-25T08:00:00,58.3,2.27,12.8,88.0,0
SUB-001,2026-06-26T08:00:00,60.4,2.53,14.4,87.3,0
SUB-001,2026-06-27T08:00:00,56.7,2.1,11.0,87.3,0
SUB-001,2026-06-28T08:00:00,57.8,3.33,10.0,84.1,0
SUB-001,2026-06-29T08:00:00,60.8,2.96,13.9,88.0,0
SUB-001,2026-06-30T08:00:00,62.8,2.35,8.1,85.3,0
SUB-001,2026-07-01T08:00:00,61.4,1.81,12.5,86.8,0
SUB-001,2026-07-02T08:00:00,57.6,2.68,14.2,91.0,0
SUB-001,2026-07-03T08:00:00,60.4,2.15,10.7,84.7,0
SUB-001,2026-07-04T08:00:00,61.4,2.16,12.2,87.8,0
SUB-001,2026-07-05T08:00:00,56.4,2.27,6.9,84.2,0
SUB-001,2026-07-06T08:00:00,56.8,2.56,16.0,86.3,0
SUB-001,2026-07-07T08:00:00,59.3,2.46,15.7,88.1,0
SUB-001,2026-07-08T08:00:00,59.4,1.99,15.1,87.1,0
SUB-001,2026-07-09T08:00:00,62.2,2.38,18.3,85.6,0
SUB-001,2026-07-10T08:00:00,63.3,2.44,10.9,84.1,0
SUB-001,2026-07-11T08:00:00,58.1,2.96,14.9,87.7,0
SUB-001,2026-07-12T08:00:00,51.4,2.68,14.1,85.2,0
SUB-001,2026-07-13T08:00:00,56.6,2.39,17.6,84.2,0
SUB-001,2026-07-14T08:00:00,57.2,2.94,11.1,85.6,0
SUB-001,2026-07-15T08:00:00,58.8,1.89,13.1,83.9,0
SUB-001,2026-07-16T08:00:00,61.2,2.39,19.3,86.9,0
SUB-001,2026-07-17T08:00:00,62.6,1.87,12.0,87.0,0
SUB-001,2026-07-18T08:00:00,63.8,1.72,15.4,87.5,0
SUB-001,2026-07-19T08:00:00,63.1,2.68,12.6,85.3,0
SUB-001,2026-07-20T08:00:00,54.8,2.47,11.8,90.4,0
SUB-001,2026-07-21T08:00:00,56.7,2.52,7.7,85.5,0
SUB-001,2026-07-22T08:00:00,59.3,2.72,16.8,86.2,0
SUB-001,2026-07-23T08:00:00,55.2,2.57,14.0,87.3,0
SUB-001,2026-07-24T08:00:00,56.4,2.84,12.7,87.7,0
SUB-001,2026-07-25T08:00:00,62.4,2.63,13.3,90.6,0
SUB-001,2026-07-26T08:00:00,59.3,2.27,12.7,89.3,0
SUB-001,2026-07-27T08:00:00,58.9,2.6,16.0,85.3,0
SUB-001,2026-07-28T08:00:00,53.4,2.51,13.1,85.1,0
SUB-001,2026-07-29T08:00:00,61.1,2.63,9.4,87.4,0
SUB-001,2026-07-30T08:00:00,57.9,1.8,13.8,86.2,0
SUB-001,2026-07-31T08:00:00,56.3,2.6,13.9,85.2,0
SUB-001,2026-08-01T08:00:00,59.7,2.8,10.3,87.1,0
SUB-001,2026-08-02T08:00:00,58.5,3.3,6.8,87.7,0
SUB-001,2026-08-03T08:00:00,57.6,2.35,18.1,86.3,0
SUB-001,2026-08-04T08:00:00,65.3,2.21,13.5,85.3,0
SUB-001,2026-08-05T08:00:00,56.5,2.42,11.6,86.7,0
SUB-001,2026-08-06T08:00:00,52.2,3.19,11.9,89.8,0
SUB-001,2026-08-07T08:00:00,55.5,2.51,21.9,84.6,0
SUB-001,2026-08-08T08:00:00,54.0,2.17,13.8,87.7,0
SUB-001,2026-08-09T08:00:00,62.4,2.29,7.6,85.4,0
SUB-001,2026-08-10T08:00:00,62.3,2.58,6.5,86.2,0
SUB-001,2026-08-11T08:00:00,62.7,3.24,14.1,86.9,0
SUB-001,2026-08-12T08:00:00,54.8,2.05,12.6,87.3,0
SUB-001,2026-08-13T08:00:00,60.3,2.2,9.0,84.8,0
SUB-001,2026-08-14T08:00:00,55.1,2.65,5.5,85.6,0
SUB-001,2026-08-15T08:00:00,59.9,3.0,12.6,88.3,0
SUB-001,2026-08-16T08:00:00,57.3,2.09,10.4,89.4,0
SUB-001,2026-08-17T08:00:00,61.5,2.59,22.4,86.3,0
SUB-001,2026-08-18T08:00:00,60.4,2.51,11.7,90.9,0
SUB-001,2026-08-19T08:00:00,63.1,1.83,11.2,87.2,0
SUB-001,2026-08-20T08:00:00,60.9,1.85,5.6,82.5,0
SUB-001,2026-08-21T08:00:00,58.3,2.35,13.4,84.8,0
SUB-001,2026-08-22T08:00:00,54.9,1.58,13.4,87.1,0
SUB-001,2026-08-23T08:00:00,61.5,2.71,11.8,89.0,0
SUB-001,2026-08-24T08:00:00,58.1,2.13,10.8,85.1,0
SUB-001,2026-08-25T08:00:00,52.0,2.45,13.2,85.6,0
SUB-001,2026-08-26T08:00:00,56.4,2.54,17.6,86.4,0
SUB-001,2026-08-27T08:00:00,57.0,2.15,12.2,83.8,0
SUB-001,2026-08-28T08:00:00,58.2,2.42,17.9,88.2,0
SUB-001,2026-08-29T08:00:00,61.6,2.11,14.4,84.0,0
SUB-001,2026-08-30T08:00:00,59.5,2.56,10.1,90.3,0
SUB-001,2026-08-31T08:00:00,60.2,1.63,14.1,85.5,0
SUB-001,2026-09-01T08:00:00,58.5,2.58,13.6,82.2,0
SUB-001,2026-09-02T08:00:00,55.1,2.7,16.3,90.1,0
SUB-001,2026-09-03T08:00:00,63.9,1.57,14.7,82.5,0
SUB-001,2026-09-04T08:00:00,63.4,2.49,9.0,90.3,0
SUB-001,2026-09-05T08:00:00,60.5,1.63,13.3,84.9,0
SUB-001,2026-09-06T08:00:00,58.9,2.21,16.5,83.5,0
SUB-001,2026-09-07T08:00:00,59.5,3.12,9.9,86.7,0
SUB-001,2026-09-08T08:00:00,59.1,2.12,14.4,86.5,0
SUB-001,2026-09-09T08:00:00,55.7,3.1,14.8,86.0,0
SUB-001,2026-09-10T08:00:00,56.6,2.08,16.1,86.0,0
SUB-001,2026-09-11T08:00:00,59.9,2.32,14.3,86.1,0
SUB-001,2026-09-12T08:00:00,60.8,2.32,14.9,87.7,0
SUB-002,2026-06-15T08:00:00,58.1,1.83,9.9,88.5,0
SUB-002,2026-06-16T08:00:00,55.5,2.52,12.6,93.1,0
SUB-002,2026-06-17T08:00:00,65.3,2.19,8.1,89.2,0
SUB-002,2026-06-18T08:00:00,58.2,1.58,12.0,90.5,0
SUB-002,2026-06-19T08:00:00,57.1,1.87,10.4,93.5,0
SUB-002,2026-06-20T08:00:00,58.0,1.84,11.6,91.9,0
SUB-002,2026-06-21T08:00:00,56.4,2.37,14.9,91.5,0
SUB-002,2026-06-22T08:00:00,62.7,1.96,16.1,88.4,0
SUB-002,2026-06-23T08:00:00,57.3,2.65,15.2,90.0,0
SUB-002,2026-06-24T08:00:00,54.9,2.4,10.8,88.1,0
SUB-002,2026-06-25T08:00:00,56.5,2.27,6.3,90.7,0
SUB-002,2026-06-26T08:00:00,59.0,1.94,15.8,91.2,0
SUB-002,2026-06-27T08:00:00,56.6,1.91,14.8,86.9,0
SUB-002,2026-06-28T08:00:00,57.5,1.92,12.9,90.4,0
SUB-002,2026-06-29T08:00:00,58.6,2.63,13.4,89.3,0
SUB-002,2026-06-30T08:00:00,54.8,2.46,14.3,92.9,0
SUB-002,2026-07-01T08:00:00,56.2,2.19,12.5,89.8,0
SUB-002,2026-07-02T08:00:00,58.5,1.49,15.2,91.3,0
SUB-002,2026-07-03T08:00:00,61.9,3.08,11.8,89.9,0
SUB-002,2026-07-04T08:00:00,58.5,2.95,7.5,90.9,0
SUB-002,2026-07-05T08:00:00,54.1,1.14,6.6,87.2,0
SUB-002,2026-07-06T08:00:00,61.7,1.83,12.0,87.6,0
SUB-002,2026-07-07T08:00:00,60.3,1.73,16.7,88.0,0
SUB-002,2026-07-08T08:00:00,56.2,2.22,12.8,92.8,0
SUB-002,2026-07-09T08:00:00,58.8,1.69,11.0,88.8,0
SUB-002,2026-07-10T08:00:00,60.6,2.33,12.3,91.7,0
SUB-002,2026-07-11T08:00:00,56.9,2.12,13.3,93.0,0
SUB-002,2026-07-12T08:00:00,58.2,2.04,9.6,91.3,0
SUB-002,2026-07-13T08:00:00,56.7,2.31,7.0,92.0,0
SUB-002,2026-07-14T08:00:00,54.5,1.86,15.9,87.3,0
SUB-002,2026-07-15T08:00:00,58.2,2.21,9.7,92.6,0
SUB-002,2026-07-16T08:00:00,63.0,1.39,8.4,91.6,0
SUB-002,2026-07-17T08:00:00,54.6,2.02,13.1,91.3,0
SUB-002,2026-07-18T08:00:00,57.8,2.21,10.4,92.5,0
SUB-002,2026-07-19T08:00:00,57.0,2.31,11.2,90.2,0
SUB-002,2026-07-20T08:00:00,58.0,2.11,9.7,91.6,0
SUB-002,2026-07-21T08:00:00,62.7,2.27,14.9,91.6,0
SUB-002,2026-07-22T08:00:00,61.3,2.3,13.3,91.7,0
SUB-002,2026-07-23T08:00:00,58.7,1.79,12.8,86.2,0
SUB-002,2026-07-24T08:00:00,58.4,2.34,16.4,90.3,0
SUB-002,2026-07-25T08:00:00,61.3,2.18,9.6,87.1,0
SUB-002,2026-07-26T08:00:00,55.6,1.63,14.6,89.5,0
SUB-002,2026-07-27T08:00:00,60.2,2.2,15.8,92.1,0
SUB-002,2026-07-28T08:00:00,56.5,2.07,11.1,86.7,0
SUB-002,2026-07-29T08:00:00,60.5,2.65,12.7,89.0,0
SUB-002,2026-07-30T08:00:00,61.7,1.24,13.2,90.2,0
SUB-002,2026-07-31T08:00:00,56.8,2.73,15.6,89.4,0
SUB-002,2026-08-01T08:00:00,58.2,2.02,11.2,87.3,0
SUB-002,2026-08-02T08:00:00,62.6,2.59,15.1,87.8,0
SUB-002,2026-08-03T08:00:00,64.7,2.97,13.3,88.2,0
SUB-002,2026-08-04T08:00:00,55.9,2.34,10.0,89.9,0
SUB-002,2026-08-05T08:00:00,61.7,1.57,18.7,93.1,0
SUB-002,2026-08-06T08:00:00,54.8,1.61,11.9,87.9,0
SUB-002,2026-08-07T08:00:00,57.7,1.14,12.0,93.6,0
SUB-002,2026-08-08T08:00:00,55.1,2.07,8.2,91.2,0
SUB-002,2026-08-09T08:00:00,57.8,2.95,13.3,89.2,0
SUB-002,2026-08-10T08:00:00,60.1,1.97,8.7,90.6,0
SUB-002,2026-08-11T08:00:00,57.9,2.24,13.8,88.9,0
SUB-002,2026-08-12T08:00:00,59.7,2.87,9.4,93.4,0
SUB-002,2026-08-13T08:00:00,57.7,1.87,20.0,90.3,0
SUB-002,2026-08-14T08:00:00,62.6,2.5,7.7,90.2,0
SUB-002,2026-08-15T08:00:00,56.9,1.64,7.4,90.2,0
SUB-002,2026-08-16T08:00:00,60.2,2.33,11.8,88.4,0
SUB-002,2026-08-17T08:00:00,55.5,1.95,9.6,89.6,0
SUB-002,2026-08-18T08:00:00,58.4,1.82,12.0,88.4,0
SUB-002,2026-08-19T08:00:00,58.5,2.38,13.2,90.9,0
SUB-002,2026-08-20T08:00:00,53.5,2.02,13.5,91.2,0
SUB-002,2026-08-21T08:00:00,53.7,2.24,16.3,89.6,0
SUB-002,2026-08-22T08:00:00,58.2,2.36,13.4,91.3,0
SUB-002,2026-08-23T08:00:00,58.7,2.24,10.4,89.6,0
SUB-002,2026-08-24T08:00:00,62.2,2.09,12.2,89.0,0
SUB-002,2026-08-25T08:00:00,60.8,1.83,15.4,88.1,0
SUB-002,2026-08-26T08:00:00,55.3,2.26,13.1,90.6,0
SUB-002,2026-08-27T08:00:00,61.7,2.01,14.0,88.1,0
SUB-002,2026-08-28T08:00:00,62.2,2.43,14.3,90.3,0
SUB-002,2026-08-29T08:00:00,56.1,2.04,14.2,89.9,0
SUB-002,2026-08-30T08:00:00,58.8,1.63,13.3,88.6,0
SUB-002,2026-08-31T08:00:00,55.2,2.11,7.1,91.4,0
SUB-002,2026-09-01T08:00:00,61.0,2.15,9.7,88.1,0
SUB-002,2026-09-02T08:00:00,58.0,1.21,13.2,91.3,0
SUB-002,2026-09-03T08:00:00,57.5,1.98,13.3,90.7,0
SUB-002,2026-09-04T08:00:00,61.8,2.18,10.6,89.0,0
SUB-002,2026-09-05T08:00:00,59.0,2.8,11.7,87.9,0
SUB-002,2026-09-06T08:00:00,55.9,1.34,13.7,87.2,0
SUB-002,2026-09-07T08:00:00,54.8,1.39,9.4,91.1,0
SUB-002,2026-09-08T08:00:00,54.5,1.48,13.2,89.3,0
SUB-002,2026-09-09T08:00:00,59.8,2.47,12.7,87.4,0
SUB-002,2026-09-10T08:00:00,58.1,2.38,11.0,87.1,0
SUB-002,2026-09-11T08:00:00,61.8,2.01,11.5,90.0,0
SUB-002,2026-09-12T08:00:00,61.6,2.28,11.7,91.3,0
SUB-003,2026-06-15T08:00:00,62.4,2.61,20.5,83.0,0
SUB-003,2026-06-16T08:00:00,67.2,1.58,17.4,83.9,0
SUB-003,2026-06-17T08:00:00,60.8,2.22,14.2,85.8,0
SUB-003,2026-06-18T08:00:00,57.6,1.93,14.8,83.8,0
SUB-003,2026-06-19T08:00:00,54.6,2.06,16.9,86.7,0
SUB-003,2026-06-20T08:00:00,53.1,1.36,16.3,88.0,0
SUB-003,2026-06-21T08:00:00,54.2,2.99,20.0,82.9,0
SUB-003,2026-06-22T08:00:00,53.4,2.15,15.0,90.0,0
SUB-003,2026-06-23T08:00:00,53.0,2.33,22.9,85.0,0
SUB-003,2026-06-24T08:00:00,52.9,1.95,19.6,87.0,0
SUB-003,2026-06-25T08:00:00,56.1,1.5,18.6,83.9,0
SUB-003,2026-06-26T08:00:00,49.4,1.78,14.2,86.4,0
SUB-003,2026-06-27T08:00:00,61.8,2.8,16.8,84.3,0
SUB-003,2026-06-28T08:00:00,58.0,2.48,17.2,85.0,0
SUB-003,2026-06-29T08:00:00,62.6,2.01,17.0,85.5,0
SUB-003,2026-06-30T08:00:00,57.7,1.65,17.7,82.9,0
SUB-003,2026-07-01T08:00:00,55.1,2.81,20.7,85.1,0
SUB-003,2026-07-02T08:00:00,53.1,1.93,21.6,84.1,0
SUB-003,2026-07-03T08:00:00,60.3,1.51,17.6,88.8,0
SUB-003,2026-07-04T08:00:00,49.9,2.53,12.9,85.1,0
SUB-003,2026-07-05T08:00:00,55.4,2.39,9.0,81.4,0
SUB-003,2026-07-06T08:00:00,54.2,2.07,15.8,84.8,0
SUB-003,2026-07-07T08:00:00,52.4,1.9,15.9,85.8,0
SUB-003,2026-07-08T08:00:00,57.7,2.63,16.5,84.6,0
SUB-003,2026-07-09T08:00:00,56.1,1.94,18.3,82.1,0
SUB-003,2026-07-10T08:00:00,57.0,1.69,15.6,82.1,0
SUB-003,2026-07-11T08:00:00,59.4,2.0,21.9,85.8,0
SUB-003,2026-07-12T08:00:00,50.8,1.62,20.8,83.7,0
SUB-003,2026-07-13T08:00:00,52.7,1.98,18.0,83.2,0
SUB-003,2026-07-14T08:00:00,55.0,1.86,10.7,86.3,0
SUB-003,2026-07-15T08:00:00,53.5,2.58,15.0,82.1,0
SUB-003,2026-07-16T08:00:00,59.5,1.42,16.6,86.5,0
SUB-003,2026-07-17T08:00:00,54.9,1.39,19.1,84.9,0
SUB-003,2026-07-18T08:00:00,59.8,2.29,27.6,82.0,0
SUB-003,2026-07-19T08:00:00,55.9,1.63,22.0,86.9,0
SUB-003,2026-07-20T08:00:00,58.2,1.74,16.3,81.2,0
SUB-003,2026-07-21T08:00:00,61.1,2.26,17.7,87.1,0
SUB-003,2026-07-22T08:00:00,58.2,2.45,13.6,83.8,0
SUB-003,2026-07-23T08:00:00,56.5,2.2,21.4,83.3,0
SUB-003,2026-07-24T08:00:00,56.3,2.94,20.6,87.0,0
SUB-003,2026-07-25T08:00:00,55.9,2.36,23.9,85.5,0
SUB-003,2026-07-26T08:00:00,59.6,1.71,20.3,87.1,0
SUB-003,2026-07-27T08:00:00,53.7,2.49,16.5,83.7,0
SUB-003,2026-07-28T08:00:00,55.9,2.83,19.4,87.1,0
SUB-003,2026-07-29T08:00:00,53.7,2.09,15.0,84.1,0
SUB-003,2026-07-30T08:00:00,58.4,2.04,22.8,84.9,0
SUB-003,2026-07-31T08:00:00,55.3,2.57,16.5,82.2,0
SUB-003,2026-08-01T08:00:00,59.8,2.22,12.0,85.4,0
SUB-003,2026-08-02T08:00:00,54.7,2.75,16.3,84.1,0
SUB-003,2026-08-03T08:00:00,53.2,1.63,16.4,82.4,0
SUB-003,2026-08-04T08:00:00,52.8,1.41,14.0,82.1,0
SUB-003,2026-08-05T08:00:00,54.4,1.78,14.8,86.2,0
SUB-003,2026-08-06T08:00:00,55.8,1.88,17.1,88.5,0
SUB-003,2026-08-07T08:00:00,56.6,2.25,10.7,84.0,0
SUB-003,2026-08-08T08:00:00,49.4,1.89,19.6,83.9,0
SUB-003,2026-08-09T08:00:00,57.5,1.65,20.2,82.2,0
SUB-003,2026-08-10T08:00:00,55.1,2.22,20.1,85.0,0
SUB-003,2026-08-11T08:00:00,61.7,1.89,17.1,79.7,0
SUB-003,2026-08-12T08:00:00,61.2,1.91,15.0,87.9,0
SUB-003,2026-08-13T08:00:00,59.6,2.1,14.2,86.1,0
SUB-003,2026-08-14T08:00:00,54.1,1.59,21.6,81.0,0
SUB-003,2026-08-15T08:00:00,57.6,2.24,24.6,85.9,0
SUB-003,2026-08-16T08:00:00,49.8,1.72,18.7,86.0,0
SUB-003,2026-08-17T08:00:00,58.9,1.27,17.5,87.2,0
SUB-003,2026-08-18T08:00:00,60.6,2.8,17.3,87.5,0
SUB-003,2026-08-19T08:00:00,61.1,2.53,20.7,86.9,0
SUB-003,2026-08-20T08:00:00,53.6,1.48,21.4,84.6,0
SUB-003,2026-08-21T08:00:00,55.8,1.82,17.3,85.7,0
SUB-003,2026-08-22T08:00:00,52.9,2.08,19.2,85.1,0
SUB-003,2026-08-23T08:00:00,53.7,2.37,24.1,84.1,0
SUB-003,2026-08-24T08:00:00,59.6,2.41,10.5,83.7,0
SUB-003,2026-08-25T08:00:00,54.0,2.37,19.1,86.2,0
SUB-003,2026-08-26T08:00:00,57.8,1.7,16.3,82.8,0
SUB-003,2026-08-27T08:00:00,55.4,2.01,19.0,83.8,0
SUB-003,2026-08-28T08:00:00,58.6,2.42,23.1,86.7,0
SUB-003,2026-08-29T08:00:00,56.5,2.32,20.3,84.0,0
SUB-003,2026-08-30T08:00:00,59.8,2.74,24.4,85.3,0
SUB-003,2026-08-31T08:00:00,56.9,2.22,18.5,86.5,0
SUB-003,2026-09-01T08:00:00,55.6,1.98,23.8,85.6,0
SUB-003,2026-09-02T08:00:00,56.1,2.41,18.9,85.9,0
SUB-003,2026-09-03T08:00:00,55.7,1.57,18.4,83.0,0
SUB-003,2026-09-04T08:00:00,56.6,1.58,21.2,86.8,0
SUB-003,2026-09-05T08:00:00,56.8,2.02,19.7,81.3,0
SUB-003,2026-09-06T08:00:00,52.6,2.0,19.5,85.1,0
SUB-003,2026-09-07T08:00:00,52.9,2.11,17.1,83.1,0
SUB-003,2026-09-08T08:00:00,56.9,1.97,22.1,86.6,0
SUB-003,2026-09-09T08:00:00,58.1,2.18,16.0,83.4,0
SUB-003,2026-09-10T08:00:00,51.5,3.21,15.3,84.8,0
SUB-003,2026-09-11T08:00:00,54.8,1.94,16.7,81.5,0
SUB-003,2026-09-12T08:00:00,52.9,1.5,18.1,83.9,0
TX-001,2026-06-15T08:00:00,54.2,2.13,13.1,89.6,0
TX-001,2026-06-16T08:00:00,55.2,2.14,10.8,89.1,0
TX-001,2026-06-17T08:00:00,55.1,2.21,15.8,87.4,0
TX-001,2026-06-18T08:00:00,57.0,1.89,18.8,89.6,0
TX-001,2026-06-19T08:00:00,57.8,1.57,11.5,86.4,0
TX-001,2026-06-20T08:00:00,55.6,2.23,12.1,90.1,0
TX-001,2026-06-21T08:00:00,56.3,1.24,13.4,82.6,0
TX-001,2026-06-22T08:00:00,54.1,1.83,13.0,87.1,0
TX-001,2026-06-23T08:00:00,55.1,1.81,19.3,90.2,0
TX-001,2026-06-24T08:00:00,52.9,2.55,9.9,86.1,0
TX-001,2026-06-25T08:00:00,60.9,1.15,16.5,85.3,0
TX-001,2026-06-26T08:00:00,55.9,1.97,19.9,86.1,0
TX-001,2026-06-27T08:00:00,56.1,2.3,14.0,86.1,0
TX-001,2026-06-28T08:00:00,56.1,2.08,17.5,85.9,0
TX-001,2026-06-29T08:00:00,55.0,2.18,14.3,87.4,0
TX-001,2026-06-30T08:00:00,56.3,1.77,12.4,88.6,0
TX-001,2026-07-01T08:00:00,53.0,2.51,15.5,85.2,0
TX-001,2026-07-02T08:00:00,57.2,2.11,17.1,90.1,0
TX-001,2026-07-03T08:00:00,55.2,1.76,13.0,85.8,0
TX-001,2026-07-04T08:00:00,54.1,2.16,14.8,86.8,0
TX-001,2026-07-05T08:00:00,54.1,2.19,13.3,85.7,0
TX-001,2026-07-06T08:00:00,55.9,1.94,11.6,89.4,0
TX-001,2026-07-07T08:00:00,58.8,2.06,15.2,88.8,0
TX-001,2026-07-08T08:00:00,56.2,2.4,19.8,87.9,0
TX-001,2026-07-09T08:00:00,57.6,2.4,13.8,85.5,0
TX-001,2026-07-10T08:00:00,59.0,1.42,20.2,89.5,0
TX-001,2026-07-11T08:00:00,56.9,2.07,20.1,85.9,0
TX-001,2026-07-12T08:00:00,52.8,1.81,14.0,85.7,0
TX-001,2026-07-13T08:00:00,56.8,2.1,12.4,91.0,0
TX-001,2026-07-14T08:00:00,52.1,1.54,15.9,87.3,0
TX-001,2026-07-15T08:00:00,57.6,1.8,11.7,86.5,0
TX-001,2026-07-16T08:00:00,54.3,2.26,13.4,89.3,0
TX-001,2026-07-17T08:00:00,58.1,2.46,17.5,89.3,0
TX-001,2026-07-18T08:00:00,58.6,1.84,14.0,84.1,0
TX-001,2026-07-19T08:00:00,57.2,1.78,16.0,88.8,0
TX-001,2026-07-20T08:00:00,52.3,1.64,13.8,86.7,0
TX-001,2026-07-21T08:00:00,56.8,1.58,14.9,84.4,0
TX-001,2026-07-22T08:00:00,49.8,2.33,10.9,86.6,0
TX-001,2026-07-23T08:00:00,52.1,1.48,13.6,86.9,0
TX-001,2026-07-24T08:00:00,59.3,2.23,14.0,89.3,0
TX-001,2026-07-25T08:00:00,59.7,2.21,13.6,89.8,0
TX-001,2026-07-26T08:00:00,61.6,2.31,20.1,89.6,0
TX-001,2026-07-27T08:00:00,58.9,1.61,11.5,87.7,0
TX-001,2026-07-28T08:00:00,51.3,1.81,17.4,86.4,0
TX-001,2026-07-29T08:00:00,57.9,1.51,13.3,89.8,0
TX-001,2026-07-30T08:00:00,56.9,2.16,19.9,90.4,0
TX-001,2026-07-31T08:00:00,53.7,2.57,13.0,87.7,0
TX-001,2026-08-01T08:00:00,56.4,2.48,11.4,88.7,0
TX-001,2026-08-02T08:00:00,57.9,2.37,14.2,89.8,0
TX-001,2026-08-03T08:00:00,54.2,2.51,15.9,85.0,0
TX-001,2026-08-04T08:00:00,58.7,2.4,15.9,84.4,0
TX-001,2026-08-05T08:00:00,57.1,1.83,22.6,83.1,0
TX-001,2026-08-06T08:00:00,56.2,2.95,19.9,86.2,0
TX-001,2026-08-07T08:00:00,63.2,2.48,15.8,85.7,0
TX-001,2026-08-08T08:00:00,61.6,2.61,16.2,85.6,0
TX-001,2026-08-09T08:00:00,61.6,2.35,23.5,79.2,0
TX-001,2026-08-10T08:00:00,59.2,2.64,20.7,79.1,0
TX-001,2026-08-11T08:00:00,59.7,3.6,25.2,80.6,0
TX-001,2026-08-12T08:00:00,65.9,3.42,26.4,78.7,0
TX-001,2026-08-13T08:00:00,69.0,4.22,32.5,77.7,0
TX-001,2026-08-14T08:00:00,68.3,3.46,33.4,74.0,0
TX-001,2026-08-15T08:00:00,66.7,4.3,32.0,72.2,1
TX-001,2026-08-16T08:00:00,70.6,4.27,36.6,67.8,1
TX-001,2026-08-17T08:00:00,66.7,5.38,37.7,65.2,1
TX-001,2026-08-18T08:00:00,68.7,5.69,41.3,62.0,1
TX-001,2026-08-19T08:00:00,69.9,5.85,45.1,59.8,1
TX-001,2026-08-20T08:00:00,75.2,5.91,54.4,57.9,1
TX-001,2026-08-21T08:00:00,72.6,6.6,45.7,59.6,1
TX-001,2026-08-22T08:00:00,81.4,6.63,50.8,55.2,1
TX-001,2026-08-23T08:00:00,77.0,7.58,54.7,52.9,1
TX-001,2026-08-24T08:00:00,82.4,7.66,54.9,52.1,1
TX-001,2026-08-25T08:00:00,78.6,7.04,56.0,51.7,1
TX-001,2026-08-26T08:00:00,72.3,7.86,56.2,53.6,1
TX-001,2026-08-27T08:00:00,79.0,7.68,59.8,51.5,1
TX-001,2026-08-28T08:00:00,80.7,8.98,56.6,50.5,1
TX-001,2026-08-29T08:00:00,86.5,7.73,56.7,44.9,0
TX-001,2026-08-30T08:00:00,82.9,8.3,62.0,45.1,0
TX-001,2026-08-31T08:00:00,84.3,8.53,59.5,47.8,0
TX-001,2026-09-01T08:00:00,83.3,8.19,61.7,45.6,0
TX-001,2026-09-02T08:00:00,80.8,7.56,61.7,48.8,0
TX-001,2026-09-03T08:00:00,81.0,8.17,55.1,49.5,0
TX-001,2026-09-04T08:00:00,79.9,8.1,63.1,46.2,0
TX-001,2026-09-05T08:00:00,84.9,8.1,59.9,48.9,0
TX-001,2026-09-06T08:00:00,77.6,8.28,60.0,49.8,0
TX-001,2026-09-07T08:00:00,80.7,7.9,60.9,47.6,0
TX-001,2026-09-08T08:00:00,77.8,7.97,63.6,47.6,0
TX-001,2026-09-09T08:00:00,78.7,8.33,54.2,43.5,0
TX-001,2026-09-10T08:00:00,81.3,8.12,60.5,46.0,0
TX-001,2026-09-11T08:00:00,80.9,7.49,60.5,44.5,0
TX-001,2026-09-12T08:00:00,80.9,8.15,54.5,46.7,0
TX-002,2026-06-15T08:00:00,56.3,3.49,10.2,85.4,0
TX-002,2026-06-16T08:00:00,50.2,2.33,19.5,86.0,0
TX-002,2026-06-17T08:00:00,51.5,2.96,16.6,85.1,0
TX-002,2026-06-18T08:00:00,60.7,3.11,5.7,84.1,0
TX-002,2026-06-19T08:00:00,51.7,2.79,14.8,83.4,0
TX-002,2026-06-20T08:00:00,50.7,3.41,16.5,83.4,0
TX-002,2026-06-21T08:00:00,56.0,3.14,18.5,82.6,0
TX-002,2026-06-22T08:00:00,56.3,2.63,18.2,84.3,0
TX-002,2026-06-23T08:00:00,47.1,2.88,9.4,84.3,0
TX-002,2026-06-24T08:00:00,53.8,2.71,10.3,82.5,0
TX-002,2026-06-25T08:00:00,51.4,2.77,18.6,86.1,0
TX-002,2026-06-26T08:00:00,52.5,3.38,10.6,86.1,0
TX-002,2026-06-27T08:00:00,53.4,2.96,16.6,83.3,0
TX-002,2026-06-28T08:00:00,56.3,2.86,22.0,84.1,0
TX-002,2026-06-29T08:00:00,57.7,3.13,11.2,87.4,0
TX-002,2026-06-30T08:00:00,50.8,1.98,17.3,86.8,0
TX-002,2026-07-01T08:00:00,54.1,2.76,19.5,86.1,0
TX-002,2026-07-02T08:00:00,52.0,3.16,11.0,83.6,0
TX-002,2026-07-03T08:00:00,50.8,1.99,11.2,87.1,0
TX-002,2026-07-04T08:00:00,50.6,2.65,11.2,86.4,0
TX-002,2026-07-05T08:00:00,53.9,3.06,14.4,82.4,0
TX-002,2026-07-06T08:00:00,51.0,3.2,14.5,86.2,0
TX-002,2026-07-07T08:00:00,44.5,3.31,13.2,89.0,0
TX-002,2026-07-08T08:00:00,52.4,2.88,16.7,82.9,0
TX-002,2026-07-09T08:00:00,56.6,2.61,18.6,86.3,0
TX-002,2026-07-10T08:00:00,55.4,2.58,14.1,85.3,0
TX-002,2026-07-11T08:00:00,47.8,2.65,17.5,82.2,0
TX-002,2026-07-12T08:00:00,57.8,2.62,15.7,82.4,0
TX-002,2026-07-13T08:00:00,55.4,3.05,18.1,87.4,0
TX-002,2026-07-14T08:00:00,57.7,2.95,11.0,87.3,0
TX-002,2026-07-15T08:00:00,50.0,2.69,16.9,85.6,0
TX-002,2026-07-16T08:00:00,58.7,2.87,9.6,84.1,0
TX-002,2026-07-17T08:00:00,54.5,2.73,19.0,84.2,0
TX-002,2026-07-18T08:00:00,49.6,3.05,11.3,88.1,0
TX-002,2026-07-19T08:00:00,54.8,2.31,18.0,89.4,0
TX-002,2026-07-20T08:00:00,47.9,3.23,16.2,85.0,0
TX-002,2026-07-21T08:00:00,55.0,3.06,12.6,87.5,0
TX-002,2026-07-22T08:00:00,49.9,3.65,19.3,82.3,0
TX-002,2026-07-23T08:00:00,53.9,3.44,13.2,84.4,0
TX-002,2026-07-24T08:00:00,52.7,3.34,12.9,84.7,0
TX-002,2026-07-25T08:00:00,55.6,2.79,12.1,82.0,0
TX-002,2026-07-26T08:00:00,49.4,2.4,9.6,83.2,0
TX-002,2026-07-27T08:00:00,54.8,2.89,12.2,82.7,0
TX-002,2026-07-28T08:00:00,51.0,2.31,11.0,86.1,0
TX-002,2026-07-29T08:00:00,49.7,2.88,12.9,89.5,0
TX-002,2026-07-30T08:00:00,48.6,2.95,13.7,83.2,0
TX-002,2026-07-31T08:00:00,54.9,2.93,11.5,85.5,0
TX-002,2026-08-01T08:00:00,55.1,3.39,12.9,87.6,0
TX-002,2026-08-02T08:00:00,53.4,2.08,16.3,84.5,0
TX-002,2026-08-03T08:00:00,51.3,3.24,13.3,86.7,0
TX-002,2026-08-04T08:00:00,53.7,3.17,16.8,85.6,0
TX-002,2026-08-05T08:00:00,50.8,3.24,14.8,88.7,0
TX-002,2026-08-06T08:00:00,55.4,3.17,12.4,83.9,0
TX-002,2026-08-07T08:00:00,54.2,2.4,11.2,84.5,0
TX-002,2026-08-08T08:00:00,53.7,2.95,18.1,83.9,0
TX-002,2026-08-09T08:00:00,56.0,2.81,14.1,85.2,0
TX-002,2026-08-10T08:00:00,47.7,2.89,12.8,82.8,0
TX-002,2026-08-11T08:00:00,48.3,2.69,9.1,86.4,0
TX-002,2026-08-12T08:00:00,53.2,2.2,12.7,86.2,0
TX-002,2026-08-13T08:00:00,52.2,2.76,13.6,84.4,0
TX-002,2026-08-14T08:00:00,48.8,2.85,13.0,90.6,0
TX-002,2026-08-15T08:00:00,53.3,2.69,17.7,84.4,0
TX-002,2026-08-16T08:00:00,54.7,2.52,19.4,83.4,0
TX-002,2026-08-17T08:00:00,55.1,3.32,13.8,84.7,0
TX-002,2026-08-18T08:00:00,55.7,3.14,11.4,85.1,0
TX-002,2026-08-19T08:00:00,51.1,2.57,12.8,87.1,0
TX-002,2026-08-20T08:00:00,58.7,3.91,14.5,83.0,0
TX-002,2026-08-21T08:00:00,51.0,3.51,10.1,84.1,0
TX-002,2026-08-22T08:00:00,52.2,3.57,11.7,86.9,0
TX-002,2026-08-23T08:00:00,57.9,2.8,16.1,81.6,0
TX-002,2026-08-24T08:00:00,53.7,2.78,7.0,85.5,0
TX-002,2026-08-25T08:00:00,55.0,2.19,10.5,83.2,0
TX-002,2026-08-26T08:00:00,52.4,2.75,11.8,82.7,0
TX-002,2026-08-27T08:00:00,54.9,2.68,14.4,84.2,0
TX-002,2026-08-28T08:00:00,55.3,2.81,17.3,84.9,0
TX-002,2026-08-29T08:00:00,56.6,3.37,10.3,86.5,0
TX-002,2026-08-30T08:00:00,59.3,2.48,14.6,84.0,0
TX-002,2026-08-31T08:00:00,55.3,3.08,12.7,87.3,0
TX-002,2026-09-01T08:00:00,51.4,2.81,17.8,88.6,0
TX-002,2026-09-02T08:00:00,52.4,3.18,15.4,81.5,0
TX-002,2026-09-03T08:00:00,51.1,2.39,13.2,83.9,0
TX-002,2026-09-04T08:00:00,54.0,3.38,16.0,90.0,0
TX-002,2026-09-05T08:00:00,53.2,3.18,16.0,87.7,0
TX-002,2026-09-06T08:00:00,52.8,3.21,19.6,83.3,0
TX-002,2026-09-07T08:00:00,53.7,3.07,13.4,82.9,0
TX-002,2026-09-08T08:00:00,59.4,2.78,19.9,83.7,0
TX-002,2026-09-09T08:00:00,53.3,3.19,14.1,82.9,0
TX-002,2026-09-10T08:00:00,51.8,2.98,12.7,84.9,0
TX-002,2026-09-11T08:00:00,47.2,2.64,14.2,83.7,0
TX-002,2026-09-12T08:00:00,51.0,2.51,14.9,87.7,0
TX-003,2026-06-15T08:00:00,46.4,2.51,18.6,86.9,0
TX-003,2026-06-16T08:00:00,50.3,2.44,15.8,86.0,0
TX-003,2026-06-17T08:00:00,44.0,2.33,9.9,88.8,0
TX-003,2026-06-18T08:00:00,53.0,2.3,18.1,91.1,0
TX-003,2026-06-19T08:00:00,48.7,3.14,16.8,85.8,0
TX-003,2026-06-20T08:00:00,47.2,2.4,14.5,81.6,0
TX-003,2026-06-21T08:00:00,52.2,2.49,17.1,85.4,0
TX-003,2026-06-22T08:00:00,59.6,1.96,12.9,87.6,0
TX-003,2026-06-23T08:00:00,57.6,2.22,21.2,84.4,0
TX-003,2026-06-24T08:00:00,54.4,2.65,22.4,89.8,0
TX-003,2026-06-25T08:00:00,48.6,3.79,12.3,85.6,0
TX-003,2026-06-26T08:00:00,56.0,2.33,13.8,86.5,0
TX-003,2026-06-27T08:00:00,51.9,2.77,13.5,86.6,0
TX-003,2026-06-28T08:00:00,52.5,3.22,16.7,83.7,0
TX-003,2026-06-29T08:00:00,50.6,2.37,19.7,82.9,0
TX-003,2026-06-30T08:00:00,52.2,2.19,19.5,87.8,0
TX-003,2026-07-01T08:00:00,51.2,2.82,14.7,87.6,0
TX-003,2026-07-02T08:00:00,50.4,2.91,15.9,81.3,0
TX-003,2026-07-03T08:00:00,49.0,3.23,20.1,86.4,0
TX-003,2026-07-04T08:00:00,50.2,2.49,17.6,87.4,0
TX-003,2026-07-05T08:00:00,47.6,2.88,19.4,84.3,0
TX-003,2026-07-06T08:00:00,50.0,2.81,17.9,85.4,0
TX-003,2026-07-07T08:00:00,49.0,2.43,16.9,87.1,0
TX-003,2026-07-08T08:00:00,50.5,2.07,12.4,87.5,0
TX-003,2026-07-09T08:00:00,46.9,2.71,14.6,85.0,0
TX-003,2026-07-10T08:00:00,50.6,3.29,16.6,85.6,0
TX-003,2026-07-11T08:00:00,46.1,2.82,19.1,87.4,0
TX-003,2026-07-12T08:00:00,54.1,2.81,11.8,86.1,0
TX-003,2026-07-13T08:00:00,52.1,2.91,14.2,86.1,0
TX-003,2026-07-14T08:00:00,51.7,3.13,18.7,87.5,0
TX-003,2026-07-15T08:00:00,51.8,2.21,12.4,86.0,0
TX-003,2026-07-16T08:00:00,53.7,2.78,17.4,83.2,0
TX-003,2026-07-17T08:00:00,46.2,3.07,15.6,83.6,0
TX-003,2026-07-18T08:00:00,53.2,2.72,24.6,88.7,0
TX-003,2026-07-19T08:00:00,51.6,2.56,16.4,86.0,0
TX-003,2026-07-20T08:00:00,46.2,2.99,16.5,80.7,0
TX-003,2026-07-21T08:00:00,48.7,2.29,18.7,86.1,0
TX-003,2026-07-22T08:00:00,55.0,1.98,12.5,88.4,0
TX-003,2026-07-23T08:00:00,48.6,2.2,14.1,84.7,0
TX-003,2026-07-24T08:00:00,52.2,3.07,11.0,85.6,0
TX-003,2026-07-25T08:00:00,50.6,2.65,18.2,86.5,0
TX-003,2026-07-26T08:00:00,48.8,2.17,10.2,85.5,0
TX-003,2026-07-27T08:00:00,50.6,2.99,14.6,90.9,0
TX-003,2026-07-28T08:00:00,50.3,2.43,16.9,84.3,0
TX-003,2026-07-29T08:00:00,51.2,1.79,17.7,86.4,0
TX-003,2026-07-30T08:00:00,51.2,2.68,11.9,84.4,0
TX-003,2026-07-31T08:00:00,55.3,2.82,13.9,87.1,0
TX-003,2026-08-01T08:00:00,51.8,3.4,19.0,87.1,0
TX-003,2026-08-02T08:00:00,49.2,3.33,15.4,84.5,0
TX-003,2026-08-03T08:00:00,46.9,2.27,14.6,87.8,0
TX-003,2026-08-04T08:00:00,53.3,3.08,16.2,87.9,0
TX-003,2026-08-05T08:00:00,57.3,2.98,20.5,83.2,0
TX-003,2026-08-06T08:00:00,48.3,2.32,7.7,86.4,0
TX-003,2026-08-07T08:00:00,54.7,2.41,16.3,84.5,0
TX-003,2026-08-08T08:00:00,49.1,2.73,12.1,88.6,0
TX-003,2026-08-09T08:00:00,44.8,2.75,14.2,89.2,0
TX-003,2026-08-10T08:00:00,52.8,1.79,8.5,84.2,0
TX-003,2026-08-11T08:00:00,49.1,2.54,15.8,87.6,0
TX-003,2026-08-12T08:00:00,46.5,1.9,16.5,85.5,0
TX-003,2026-08-13T08:00:00,50.3,2.36,15.2,89.2,0
TX-003,2026-08-14T08:00:00,45.7,2.13,17.6,89.4,0
TX-003,2026-08-15T08:00:00,49.9,2.11,9.7,86.8,0
TX-003,2026-08-16T08:00:00,46.8,3.49,22.7,86.7,0
TX-003,2026-08-17T08:00:00,52.0,2.57,19.1,86.2,0
TX-003,2026-08-18T08:00:00,50.8,3.16,17.6,90.5,0
TX-003,2026-08-19T08:00:00,45.7,2.4,13.0,87.9,0
TX-003,2026-08-20T08:00:00,49.1,2.86,12.2,86.0,0
TX-003,2026-08-21T08:00:00,57.5,3.27,10.1,87.0,0
TX-003,2026-08-22T08:00:00,53.0,2.42,12.4,87.6,0
TX-003,2026-08-23T08:00:00,50.9,2.84,15.2,90.9,0
TX-003,2026-08-24T08:00:00,47.8,2.42,17.3,87.7,0
TX-003,2026-08-25T08:00:00,46.4,3.14,11.3,86.2,0
TX-003,2026-08-26T08:00:00,49.6,2.34,19.1,81.5,0
TX-003,2026-08-27T08:00:00,48.4,2.26,18.3,89.3,0
TX-003,2026-08-28T08:00:00,52.9,3.18,9.0,86.6,0
TX-003,2026-08-29T08:00:00,46.4,2.47,16.5,86.4,0
TX-003,2026-08-30T08:00:00,54.7,1.83,13.2,83.3,0
TX-003,2026-08-31T08:00:00,45.6,3.02,16.3,89.3,0
TX-003,2026-09-01T08:00:00,54.1,2.65,12.8,88.2,0
TX-003,2026-09-02T08:00:00,48.5,2.14,12.3,86.5,0
TX-003,2026-09-03T08:00:00,54.4,2.64,19.4,86.4,0
TX-003,2026-09-04T08:00:00,49.3,3.71,21.2,86.6,0
TX-003,2026-09-05T08:00:00,48.1,1.98,16.9,85.7,0
TX-003,2026-09-06T08:00:00,52.0,2.75,17.0,88.5,0
TX-003,2026-09-07T08:00:00,51.5,2.33,13.4,87.4,0
TX-003,2026-09-08T08:00:00,47.3,2.91,17.9,86.1,0
TX-003,2026-09-09T08:00:00,48.2,1.91,12.3,83.0,0
TX-003,2026-09-10T08:00:00,50.6,2.44,13.0,88.0,0
TX-003,2026-09-11T08:00:00,51.0,2.64,17.4,88.3,0
TX-003,2026-09-12T08:00:00,45.8,2.9,10.3,84.6,0
TX-004,2026-06-15T08:00:00,55.2,2.73,15.5,83.2,0
TX-004,2026-06-16T08:00:00,56.4,1.84,12.6,82.9,0
TX-004,2026-06-17T08:00:00,58.3,2.87,16.6,81.3,0
TX-004,2026-06-18T08:00:00,58.9,2.64,10.5,87.5,0
TX-004,2026-06-19T08:00:00,47.9,2.11,12.8,80.9,0
TX-004,2026-06-20T08:00:00,53.8,2.57,13.8,86.6,0
TX-004,2026-06-21T08:00:00,47.3,3.0,11.0,85.7,0
TX-004,2026-06-22T08:00:00,57.9,3.38,12.9,80.5,0
TX-004,2026-06-23T08:00:00,53.2,2.43,8.2,84.3,0
TX-004,2026-06-24T08:00:00,49.4,3.03,16.4,82.3,0
TX-004,2026-06-25T08:00:00,52.3,2.36,12.1,89.0,0
TX-004,2026-06-26T08:00:00,49.4,2.48,16.4,82.0,0
TX-004,2026-06-27T08:00:00,50.3,1.92,17.0,84.2,0
TX-004,2026-06-28T08:00:00,53.6,1.85,15.0,83.4,0
TX-004,2026-06-29T08:00:00,51.2,1.91,13.3,81.1,0
TX-004,2026-06-30T08:00:00,52.4,2.48,12.5,84.6,0
TX-004,2026-07-01T08:00:00,52.0,2.67,14.7,84.8,0
TX-004,2026-07-02T08:00:00,49.3,2.32,16.2,83.1,0
TX-004,2026-07-03T08:00:00,55.6,2.75,12.1,84.6,0
TX-004,2026-07-04T08:00:00,51.4,2.84,19.0,85.0,0
TX-004,2026-07-05T08:00:00,59.0,1.84,11.8,82.3,0
TX-004,2026-07-06T08:00:00,51.0,2.61,12.4,85.0,0
TX-004,2026-07-07T08:00:00,55.1,2.62,10.4,83.9,0
TX-004,2026-07-08T08:00:00,54.2,2.6,13.6,85.6,0
TX-004,2026-07-09T08:00:00,50.5,2.31,15.5,83.9,0
TX-004,2026-07-10T08:00:00,54.7,2.34,9.5,80.3,0
TX-004,2026-07-11T08:00:00,50.9,2.77,15.8,79.2,0
TX-004,2026-07-12T08:00:00,53.8,2.42,10.3,87.2,0
TX-004,2026-07-13T08:00:00,53.0,2.79,21.2,81.7,0
TX-004,2026-07-14T08:00:00,51.0,3.05,9.5,83.0,0
TX-004,2026-07-15T08:00:00,52.3,2.84,14.7,81.0,0
TX-004,2026-07-16T08:00:00,55.1,2.79,10.3,81.4,0
TX-004,2026-07-17T08:00:00,50.6,2.0,16.7,82.2,0
TX-004,2026-07-18T08:00:00,51.3,2.04,12.3,85.8,0
TX-004,2026-07-19T08:00:00,54.4,1.81,10.5,84.1,0
TX-004,2026-07-20T08:00:00,50.7,2.23,10.9,80.2,0
TX-004,2026-07-21T08:00:00,52.5,2.3,16.9,82.7,0
TX-004,2026-07-22T08:00:00,49.3,2.73,17.5,81.3,0
TX-004,2026-07-23T08:00:00,47.1,2.26,9.4,86.1,0
TX-004,2026-07-24T08:00:00,48.0,2.33,17.9,84.6,0
TX-004,2026-07-25T08:00:00,50.6,2.14,12.9,82.3,0
TX-004,2026-07-26T08:00:00,56.7,2.39,9.4,84.8,0
TX-004,2026-07-27T08:00:00,55.3,2.37,15.8,82.9,0
TX-004,2026-07-28T08:00:00,48.6,2.42,10.0,81.5,0
TX-004,2026-07-29T08:00:00,49.4,2.59,14.0,80.2,0
TX-004,2026-07-30T08:00:00,49.4,2.46,14.9,83.0,0
TX-004,2026-07-31T08:00:00,45.6,2.97,18.8,86.0,0
TX-004,2026-08-01T08:00:00,53.8,2.72,11.5,83.2,0
TX-004,2026-08-02T08:00:00,48.8,2.5,9.2,84.0,0
TX-004,2026-08-03T08:00:00,51.1,2.76,14.0,81.9,0
TX-004,2026-08-04T08:00:00,54.7,1.99,12.7,81.7,0
TX-004,2026-08-05T08:00:00,54.4,2.43,14.3,83.9,0
TX-004,2026-08-06T08:00:00,45.1,2.09,13.8,84.8,0
TX-004,2026-08-07T08:00:00,53.9,2.98,12.8,83.0,0
TX-004,2026-08-08T08:00:00,50.7,2.28,11.0,81.7,0
TX-004,2026-08-09T08:00:00,51.6,2.2,13.6,79.2,0
TX-004,2026-08-10T08:00:00,53.5,2.53,14.8,81.9,0
TX-004,2026-08-11T08:00:00,50.7,2.85,13.0,86.8,0
TX-004,2026-08-12T08:00:00,48.0,2.36,10.1,81.2,0
TX-004,2026-08-13T08:00:00,49.8,2.26,15.8,80.5,0
TX-004,2026-08-14T08:00:00,54.0,1.88,12.3,85.5,0
TX-004,2026-08-15T08:00:00,53.6,2.57,15.4,84.0,0
TX-004,2026-08-16T08:00:00,54.1,3.02,10.4,82.7,0
TX-004,2026-08-17T08:00:00,54.1,2.76,15.1,85.4,0
TX-004,2026-08-18T08:00:00,50.7,1.92,17.3,82.8,0
TX-004,2026-08-19T08:00:00,50.5,2.47,12.2,84.8,0
TX-004,2026-08-20T08:00:00,54.8,2.58,15.1,82.9,0
TX-004,2026-08-21T08:00:00,55.3,1.51,10.0,82.7,0
TX-004,2026-08-22T08:00:00,50.9,2.08,15.3,80.9,0
TX-004,2026-08-23T08:00:00,52.8,2.51,13.6,81.2,0
TX-004,2026-08-24T08:00:00,51.6,2.95,15.1,84.7,0
TX-004,2026-08-25T08:00:00,51.9,1.78,12.1,82.5,0
TX-004,2026-08-26T08:00:00,56.1,2.91,14.7,81.1,0
TX-004,2026-08-27T08:00:00,52.6,2.35,12.7,80.3,0
TX-004,2026-08-28T08:00:00,53.6,2.44,15.9,79.9,0
TX-004,2026-08-29T08:00:00,48.8,3.91,10.8,83.4,0
TX-004,2026-08-30T08:00:00,53.5,2.06,18.7,82.7,0
TX-004,2026-08-31T08:00:00,52.6,3.18,11.1,81.8,0
TX-004,2026-09-01T08:00:00,51.1,1.91,14.3,83.8,0
TX-004,2026-09-02T08:00:00,52.7,2.72,16.1,83.5,0
TX-004,2026-09-03T08:00:00,51.5,2.94,11.4,85.6,0
TX-004,2026-09-04T08:00:00,51.6,2.76,19.0,78.3,0
TX-004,2026-09-05T08:00:00,51.6,2.29,18.6,82.0,0
TX-004,2026-09-06T08:00:00,60.4,1.84,14.5,82.0,0
TX-004,2026-09-07T08:00:00,53.7,2.23,12.1,79.2,0
TX-004,2026-09-08T08:00:00,52.5,1.86,9.5,83.0,0
TX-004,2026-09-09T08:00:00,51.8,2.87,9.4,83.7,0
TX-004,2026-09-10T08:00:00,53.1,2.34,11.1,82.7,0
TX-004,2026-09-11T08:00:00,54.8,2.31,16.0,82.3,0
TX-004,2026-09-12T08:00:00,57.4,2.47,12.9,79.6,0
TX-005,2026-06-15T08:00:00,49.5,2.97,12.3,90.5,0
TX-005,2026-06-16T08:00:00,51.7,2.75,11.1,90.6,0
TX-005,2026-06-17T08:00:00,53.1,3.56,10.9,92.2,0
TX-005,2026-06-18T08:00:00,50.6,2.63,10.4,92.5,0
TX-005,2026-06-19T08:00:00,55.1,2.87,13.7,87.8,0
TX-005,2026-06-20T08:00:00,58.0,3.37,12.8,90.0,0
TX-005,2026-06-21T08:00:00,55.7,2.74,12.4,89.0,0
TX-005,2026-06-22T08:00:00,52.7,2.62,15.1,89.3,0
TX-005,2026-06-23T08:00:00,52.5,2.56,8.5,93.1,0
TX-005,2026-06-24T08:00:00,55.3,3.16,11.4,92.9,0
TX-005,2026-06-25T08:00:00,54.2,3.39,12.9,89.9,0
TX-005,2026-06-26T08:00:00,52.2,2.84,13.6,93.0,0
TX-005,2026-06-27T08:00:00,58.4,2.85,16.6,84.5,0
TX-005,2026-06-28T08:00:00,52.4,2.91,15.6,90.8,0
TX-005,2026-06-29T08:00:00,53.6,2.63,10.6,93.8,0
TX-005,2026-06-30T08:00:00,57.1,3.34,13.0,88.9,0
TX-005,2026-07-01T08:00:00,55.4,2.8,12.6,89.9,0
TX-005,2026-07-02T08:00:00,51.9,2.46,12.2,87.2,0
TX-005,2026-07-03T08:00:00,55.6,3.15,10.6,86.3,0
TX-005,2026-07-04T08:00:00,55.0,2.91,13.0,87.3,0
TX-005,2026-07-05T08:00:00,48.0,3.5,12.3,91.0,0
TX-005,2026-07-06T08:00:00,53.6,2.98,9.1,89.1,0
TX-005,2026-07-07T08:00:00,49.7,2.38,10.8,86.4,0
TX-005,2026-07-08T08:00:00,52.4,2.53,9.4,89.7,0
TX-005,2026-07-09T08:00:00,53.7,2.48,19.0,91.4,0
TX-005,2026-07-10T08:00:00,57.1,2.68,15.6,91.5,0
TX-005,2026-07-11T08:00:00,50.7,2.54,21.7,89.2,0
TX-005,2026-07-12T08:00:00,55.2,2.73,15.4,88.0,0
TX-005,2026-07-13T08:00:00,50.8,3.27,13.5,85.0,0
TX-005,2026-07-14T08:00:00,53.8,2.74,15.1,90.6,0
TX-005,2026-07-15T08:00:00,54.8,2.85,13.8,87.7,0
TX-005,2026-07-16T08:00:00,51.3,2.47,8.9,91.6,0
TX-005,2026-07-17T08:00:00,57.0,3.06,11.1,88.9,0
TX-005,2026-07-18T08:00:00,52.5,3.26,14.5,93.5,0
TX-005,2026-07-19T08:00:00,50.9,2.72,9.2,87.1,0
TX-005,2026-07-20T08:00:00,53.3,2.68,11.4,86.9,0
TX-005,2026-07-21T08:00:00,54.4,2.7,15.7,91.1,0
TX-005,2026-07-22T08:00:00,49.8,2.97,11.2,93.0,0
TX-005,2026-07-23T08:00:00,53.7,2.61,11.7,87.0,0
TX-005,2026-07-24T08:00:00,57.6,3.66,7.8,89.5,0
TX-005,2026-07-25T08:00:00,53.4,2.58,16.6,92.5,0
TX-005,2026-07-26T08:00:00,53.0,3.64,13.1,89.5,0
TX-005,2026-07-27T08:00:00,54.6,2.51,17.3,91.2,0
TX-005,2026-07-28T08:00:00,52.7,2.74,10.2,90.5,0
TX-005,2026-07-29T08:00:00,49.9,2.81,11.4,91.1,0
TX-005,2026-07-30T08:00:00,56.9,3.13,12.6,88.6,0
TX-005,2026-07-31T08:00:00,52.9,2.81,14.4,88.8,0
TX-005,2026-08-01T08:00:00,50.9,2.88,17.0,93.7,0
TX-005,2026-08-02T08:00:00,56.2,2.42,17.2,88.3,0
TX-005,2026-08-03T08:00:00,51.5,2.98,8.8,91.6,0
TX-005,2026-08-04T08:00:00,53.6,2.97,10.5,91.7,0
TX-005,2026-08-05T08:00:00,55.3,2.67,15.8,84.7,0
TX-005,2026-08-06T08:00:00,54.9,2.77,10.6,90.3,0
TX-005,2026-08-07T08:00:00,55.3,2.52,12.6,89.9,0
TX-005,2026-08-08T08:00:00,55.0,3.3,11.6,92.6,0
TX-005,2026-08-09T08:00:00,49.9,2.93,7.8,90.1,0
TX-005,2026-08-10T08:00:00,55.9,3.62,13.1,88.5,0
TX-005,2026-08-11T08:00:00,56.9,2.83,13.2,91.8,0
TX-005,2026-08-12T08:00:00,57.1,2.12,13.1,89.9,0
TX-005,2026-08-13T08:00:00,50.6,2.16,12.8,89.1,0
TX-005,2026-08-14T08:00:00,51.6,2.76,11.9,90.0,0
TX-005,2026-08-15T08:00:00,58.5,2.8,18.6,92.5,0
TX-005,2026-08-16T08:00:00,56.7,2.52,12.1,88.1,0
TX-005,2026-08-17T08:00:00,55.0,2.79,14.3,90.6,0
TX-005,2026-08-18T08:00:00,54.3,2.67,10.0,89.1,0
TX-005,2026-08-19T08:00:00,56.8,3.13,14.2,90.1,0
TX-005,2026-08-20T08:00:00,56.4,2.73,14.6,86.0,0
TX-005,2026-08-21T08:00:00,55.1,3.63,17.0,90.4,0
TX-005,2026-08-22T08:00:00,54.2,3.57,17.9,88.1,0
TX-005,2026-08-23T08:00:00,53.2,4.22,19.2,84.7,0
TX-005,2026-08-24T08:00:00,56.2,4.57,19.7,84.4,0
TX-005,2026-08-25T08:00:00,55.7,3.98,19.6,81.3,1
TX-005,2026-08-26T08:00:00,60.4,4.82,23.5,80.7,1
TX-005,2026-08-27T08:00:00,57.9,6.03,22.6,76.2,1
TX-005,2026-08-28T08:00:00,62.2,6.21,23.0,76.3,1
TX-005,2026-08-29T08:00:00,62.8,6.51,22.7,73.3,1
TX-005,2026-08-30T08:00:00,64.4,7.46,34.3,64.9,1
TX-005,2026-08-31T08:00:00,69.2,8.52,29.4,69.4,1
TX-005,2026-09-01T08:00:00,64.1,8.08,34.0,68.8,1
TX-005,2026-09-02T08:00:00,68.7,8.98,38.7,61.8,1
TX-005,2026-09-03T08:00:00,73.0,9.98,38.8,59.8,1
TX-005,2026-09-04T08:00:00,72.4,9.8,40.6,62.2,1
TX-005,2026-09-05T08:00:00,71.1,9.58,44.1,59.4,1
TX-005,2026-09-06T08:00:00,71.3,10.39,41.4,59.4,1
TX-005,2026-09-07T08:00:00,71.2,10.24,39.4,56.2,1
TX-005,2026-09-08T08:00:00,70.9,11.21,41.9,54.8,0
TX-005,2026-09-09T08:00:00,71.5,11.03,44.9,58.9,0
TX-005,2026-09-10T08:00:00,67.6,10.72,44.7,51.6,0
TX-005,2026-09-11T08:00:00,77.0,10.77,40.6,56.9,0
TX-005,2026-09-12T08:00:00,65.2,10.9,40.0,55.0,0
TX-006,2026-06-15T08:00:00,60.2,3.3,13.8,93.5,0
TX-006,2026-06-16T08:00:00,59.3,2.85,16.2,89.2,0
TX-006,2026-06-17T08:00:00,60.3,1.41,13.9,89.2,0
TX-006,2026-06-18T08:00:00,57.8,2.72,15.3,85.2,0
TX-006,2026-06-19T08:00:00,68.5,3.45,13.7,93.1,0
TX-006,2026-06-20T08:00:00,59.9,2.63,15.6,86.0,0
TX-006,2026-06-21T08:00:00,60.9,3.46,14.2,86.4,0
TX-006,2026-06-22T08:00:00,59.7,2.93,10.3,84.7,0
TX-006,2026-06-23T08:00:00,55.5,2.78,15.9,94.8,0
TX-006,2026-06-24T08:00:00,61.6,2.67,11.3,91.5,0
TX-006,2026-06-25T08:00:00,60.9,3.14,13.3,91.7,0
TX-006,2026-06-26T08:00:00,65.8,2.99,13.0,90.3,0
TX-006,2026-06-27T08:00:00,57.7,2.11,14.0,87.8,0
TX-006,2026-06-28T08:00:00,63.0,3.06,17.1,87.6,0
TX-006,2026-06-29T08:00:00,62.5,2.33,15.4,88.8,0
TX-006,2026-06-30T08:00:00,61.9,2.84,14.6,90.3,0
TX-006,2026-07-01T08:00:00,60.2,3.16,17.6,88.2,0
TX-006,2026-07-02T08:00:00,63.3,2.84,16.2,94.0,0
TX-006,2026-07-03T08:00:00,56.7,2.12,13.1,87.9,0
TX-006,2026-07-04T08:00:00,57.5,2.85,11.0,92.2,0
TX-006,2026-07-05T08:00:00,62.4,3.45,19.5,87.8,0
TX-006,2026-07-06T08:00:00,51.6,3.79,13.3,89.2,0
TX-006,2026-07-07T08:00:00,53.7,2.44,14.6,89.0,0
TX-006,2026-07-08T08:00:00,52.6,2.61,15.7,91.9,0
TX-006,2026-07-09T08:00:00,59.7,4.12,15.6,92.9,0
TX-006,2026-07-10T08:00:00,63.1,3.32,8.5,86.1,0
TX-006,2026-07-11T08:00:00,56.8,3.09,12.6,90.1,0
TX-006,2026-07-12T08:00:00,59.0,3.17,15.5,89.3,0
TX-006,2026-07-13T08:00:00,58.2,1.94,15.2,87.8,0
TX-006,2026-07-14T08:00:00,56.3,3.33,15.3,90.7,0
TX-006,2026-07-15T08:00:00,61.9,2.55,11.9,88.2,0
TX-006,2026-07-16T08:00:00,64.3,3.33,11.8,91.0,0
TX-006,2026-07-17T08:00:00,60.2,2.94,14.0,91.0,0
TX-006,2026-07-18T08:00:00,58.6,2.48,13.6,88.8,0
TX-006,2026-07-19T08:00:00,55.6,2.68,11.8,89.4,0
TX-006,2026-07-20T08:00:00,60.8,2.9,13.9,88.6,0
TX-006,2026-07-21T08:00:00,60.7,3.14,14.3,92.2,0
TX-006,2026-07-22T08:00:00,58.2,2.35,12.3,90.9,0
TX-006,2026-07-23T08:00:00,59.1,3.11,7.4,87.6,0
TX-006,2026-07-24T08:00:00,60.7,3.29,10.3,90.0,0
TX-006,2026-07-25T08:00:00,56.9,2.52,12.8,89.7,0
TX-006,2026-07-26T08:00:00,60.3,3.28,17.6,91.2,0
TX-006,2026-07-27T08:00:00,58.0,3.36,8.2,89.5,0
TX-006,2026-07-28T08:00:00,62.2,3.26,15.1,93.1,0
TX-006,2026-07-29T08:00:00,56.8,3.3,12.3,91.5,0
TX-006,2026-07-30T08:00:00,59.4,3.3,17.2,90.6,0
TX-006,2026-07-31T08:00:00,58.4,2.84,10.5,91.4,0
TX-006,2026-08-01T08:00:00,63.0,2.89,7.1,88.0,0
TX-006,2026-08-02T08:00:00,60.4,2.6,6.7,88.4,0
TX-006,2026-08-03T08:00:00,53.0,3.11,11.4,89.4,0
TX-006,2026-08-04T08:00:00,63.0,2.62,6.1,89.3,0
TX-006,2026-08-05T08:00:00,60.5,2.41,11.5,88.6,0
TX-006,2026-08-06T08:00:00,59.2,2.74,20.6,88.8,0
TX-006,2026-08-07T08:00:00,59.6,2.79,4.6,92.1,0
TX-006,2026-08-08T08:00:00,49.6,3.53,8.6,86.6,0
TX-006,2026-08-09T08:00:00,58.7,3.86,13.5,88.9,0
TX-006,2026-08-10T08:00:00,56.8,3.24,11.5,90.7,0
TX-006,2026-08-11T08:00:00,53.2,3.19,13.5,86.6,0
TX-006,2026-08-12T08:00:00,56.0,2.92,11.1,89.9,0
TX-006,2026-08-13T08:00:00,54.8,2.63,18.9,87.6,0
TX-006,2026-08-14T08:00:00,57.8,2.91,11.7,91.7,0
TX-006,2026-08-15T08:00:00,57.4,3.33,10.0,90.9,0
TX-006,2026-08-16T08:00:00,58.4,2.91,12.3,90.4,0
TX-006,2026-08-17T08:00:00,55.5,2.6,18.7,90.3,0
TX-006,2026-08-18T08:00:00,58.0,3.24,12.4,84.8,0
TX-006,2026-08-19T08:00:00,59.6,2.93,13.6,87.8,0
TX-006,2026-08-20T08:00:00,58.4,3.44,12.1,88.4,0
TX-006,2026-08-21T08:00:00,60.2,2.83,15.8,89.0,0
TX-006,2026-08-22T08:00:00,60.2,2.7,8.8,90.7,0
TX-006,2026-08-23T08:00:00,59.9,3.24,14.8,86.4,0
TX-006,2026-08-24T08:00:00,59.4,2.18,14.1,87.1,0
TX-006,2026-08-25T08:00:00,60.5,3.27,10.9,89.3,0
TX-006,2026-08-26T08:00:00,62.7,2.32,14.5,89.5,0
TX-006,2026-08-27T08:00:00,61.9,2.32,12.6,91.5,0
TX-006,2026-08-28T08:00:00,63.1,2.68,11.7,93.0,0
TX-006,2026-08-29T08:00:00,54.8,2.97,13.1,89.7,0
TX-006,2026-08-30T08:00:00,56.3,3.37,15.2,92.9,0
TX-006,2026-08-31T08:00:00,56.7,2.79,15.9,92.9,0
TX-006,2026-09-01T08:00:00,59.0,2.37,11.9,91.2,0
TX-006,2026-09-02T08:00:00,61.1,3.43,18.3,88.4,0
TX-006,2026-09-03T08:00:00,56.4,2.5,12.2,91.3,0
TX-006,2026-09-04T08:00:00,64.3,3.07,12.6,89.0,0
TX-006,2026-09-05T08:00:00,62.8,2.68,12.3,89.2,0
TX-006,2026-09-06T08:00:00,59.0,3.71,9.9,94.2,0
TX-006,2026-09-07T08:00:00,57.1,2.66,10.6,90.6,0
TX-006,2026-09-08T08:00:00,59.0,3.43,10.1,86.0,0
TX-006,2026-09-09T08:00:00,58.0,3.1,8.2,89.1,0
TX-006,2026-09-10T08:00:00,60.7,2.66,10.1,87.1,0
TX-006,2026-09-11T08:00:00,58.6,3.17,20.8,91.6,0
TX-006,2026-09-12T08:00:00,55.3,2.37,12.2,92.5,0
TX-007,2026-06-15T08:00:00,61.0,2.63,18.9,90.4,0
TX-007,2026-06-16T08:00:00,63.4,2.42,17.2,85.1,0
TX-007,2026-06-17T08:00:00,56.6,2.33,15.1,84.8,0
TX-007,2026-06-18T08:00:00,61.3,2.84,13.3,88.6,0
TX-007,2026-06-19T08:00:00,63.6,2.98,14.2,87.1,0
TX-007,2026-06-20T08:00:00,58.7,2.57,10.8,86.9,0
TX-007,2026-06-21T08:00:00,62.7,2.51,10.1,87.5,0
TX-007,2026-06-22T08:00:00,62.3,2.16,16.5,88.5,0
TX-007,2026-06-23T08:00:00,60.6,3.07,17.7,84.5,0
TX-007,2026-06-24T08:00:00,60.9,3.4,15.2,88.4,0
TX-007,2026-06-25T08:00:00,56.0,3.37,14.0,91.0,0
TX-007,2026-06-26T08:00:00,57.9,3.12,14.3,91.4,0
TX-007,2026-06-27T08:00:00,53.1,2.99,9.7,85.3,0
TX-007,2026-06-28T08:00:00,64.7,3.21,9.9,87.7,0
TX-007,2026-06-29T08:00:00,57.2,3.07,21.5,89.0,0
TX-007,2026-06-30T08:00:00,60.3,3.05,12.6,89.1,0
TX-007,2026-07-01T08:00:00,61.8,2.6,14.0,90.6,0
TX-007,2026-07-02T08:00:00,59.6,2.39,14.6,86.8,0
TX-007,2026-07-03T08:00:00,58.8,2.82,15.2,91.0,0
TX-007,2026-07-04T08:00:00,61.5,3.44,10.8,87.9,0
TX-007,2026-07-05T08:00:00,62.5,3.14,13.9,86.2,0
TX-007,2026-07-06T08:00:00,61.9,2.76,17.8,88.0,0
TX-007,2026-07-07T08:00:00,58.7,2.89,13.4,91.1,0
TX-007,2026-07-08T08:00:00,60.7,3.41,14.3,86.6,0
TX-007,2026-07-09T08:00:00,58.1,2.5,17.9,89.1,0
TX-007,2026-07-10T08:00:00,57.5,2.72,17.0,86.2,0
TX-007,2026-07-11T08:00:00,57.8,3.47,13.7,86.6,0
TX-007,2026-07-12T08:00:00,66.5,2.0,12.3,91.3,0
TX-007,2026-07-13T08:00:00,57.8,3.05,22.3,86.2,0
TX-007,2026-07-14T08:00:00,57.2,3.01,15.7,86.6,0
TX-007,2026-07-15T08:00:00,58.6,2.31,17.3,89.3,0
TX-007,2026-07-16T08:00:00,58.5,2.76,17.5,86.6,0
TX-007,2026-07-17T08:00:00,58.1,2.82,20.3,87.6,0
TX-007,2026-07-18T08:00:00,58.7,2.78,14.8,85.7,0
TX-007,2026-07-19T08:00:00,56.3,3.19,14.2,87.9,0
TX-007,2026-07-20T08:00:00,57.6,2.31,14.5,90.5,0
TX-007,2026-07-21T08:00:00,57.8,2.58,14.6,87.0,0
TX-007,2026-07-22T08:00:00,59.7,2.68,15.6,86.7,0
TX-007,2026-07-23T08:00:00,60.1,2.97,16.5,88.9,0
TX-007,2026-07-24T08:00:00,58.7,3.33,17.3,90.7,0
TX-007,2026-07-25T08:00:00,58.8,2.95,13.9,87.7,0
TX-007,2026-07-26T08:00:00,61.5,2.7,20.4,87.7,0
TX-007,2026-07-27T08:00:00,63.8,2.43,15.1,86.7,0
TX-007,2026-07-28T08:00:00,62.0,3.1,15.7,86.8,0
TX-007,2026-07-29T08:00:00,58.9,3.14,18.4,87.6,0
TX-007,2026-07-30T08:00:00,57.7,2.89,16.3,88.2,0
TX-007,2026-07-31T08:00:00,57.6,3.54,14.0,90.7,0
TX-007,2026-08-01T08:00:00,63.2,3.22,21.5,88.8,0
TX-007,2026-08-02T08:00:00,58.1,2.64,13.9,89.4,0
TX-007,2026-08-03T08:00:00,54.6,2.28,20.5,89.7,0
TX-007,2026-08-04T08:00:00,60.3,3.22,18.2,87.3,0
TX-007,2026-08-05T08:00:00,54.6,3.36,17.2,84.9,0
TX-007,2026-08-06T08:00:00,59.4,2.66,15.6,87.0,0
TX-007,2026-08-07T08:00:00,60.7,2.76,12.4,89.0,0
TX-007,2026-08-08T08:00:00,60.5,2.28,17.1,89.5,0
TX-007,2026-08-09T08:00:00,58.6,2.92,13.6,84.2,0
TX-007,2026-08-10T08:00:00,60.6,2.81,17.2,87.2,0
TX-007,2026-08-11T08:00:00,58.2,2.91,15.7,89.4,0
TX-007,2026-08-12T08:00:00,57.7,2.27,16.3,85.1,0
TX-007,2026-08-13T08:00:00,51.4,2.41,14.6,86.1,0
TX-007,2026-08-14T08:00:00,54.4,2.76,19.6,89.3,0
TX-007,2026-08-15T08:00:00,59.0,3.21,14.6,85.9,0
TX-007,2026-08-16T08:00:00,61.0,2.41,16.9,87.6,0
TX-007,2026-08-17T08:00:00,57.9,2.66,19.3,84.5,0
TX-007,2026-08-18T08:00:00,59.8,2.73,13.7,87.8,0
TX-007,2026-08-19T08:00:00,60.0,2.82,16.6,90.5,0
TX-007,2026-08-20T08:00:00,57.2,3.01,10.7,88.6,0
TX-007,2026-08-21T08:00:00,53.4,3.1,14.5,88.0,0
TX-007,2026-08-22T08:00:00,54.6,2.86,18.4,88.9,0
TX-007,2026-08-23T08:00:00,59.0,2.84,19.3,89.2,0
TX-007,2026-08-24T08:00:00,57.1,2.61,13.9,87.6,0
TX-007,2026-08-25T08:00:00,55.5,1.98,15.2,88.2,0
TX-007,2026-08-26T08:00:00,59.6,3.28,12.0,86.7,0
TX-007,2026-08-27T08:00:00,54.7,2.94,15.6,86.7,0
TX-007,2026-08-28T08:00:00,59.1,2.56,12.8,90.8,0
TX-007,2026-08-29T08:00:00,61.4,2.77,11.3,87.2,0
TX-007,2026-08-30T08:00:00,60.7,2.91,18.9,90.1,0
TX-007,2026-08-31T08:00:00,58.8,2.66,14.4,86.9,0
TX-007,2026-09-01T08:00:00,61.7,2.68,10.9,88.6,0
TX-007,2026-09-02T08:00:00,58.7,2.66,10.0,90.0,0
TX-007,2026-09-03T08:00:00,61.1,2.39,16.4,85.5,0
TX-007,2026-09-04T08:00:00,54.9,2.01,18.2,89.4,0
TX-007,2026-09-05T08:00:00,58.1,2.82,21.2,86.2,0
TX-007,2026-09-06T08:00:00,55.5,2.9,17.6,87.1,0
TX-007,2026-09-07T08:00:00,54.7,2.54,18.0,89.1,0
TX-007,2026-09-08T08:00:00,54.0,2.36,12.9,87.6,0
TX-007,2026-09-09T08:00:00,65.6,2.73,16.1,86.1,0
TX-007,2026-09-10T08:00:00,66.8,2.61,14.4,88.0,0
TX-007,2026-09-11T08:00:00,55.0,3.17,15.9,86.0,0
TX-007,2026-09-12T08:00:00,57.2,2.09,14.2,83.1,0
TX-008,2026-06-15T08:00:00,57.1,2.61,10.0,80.8,0
TX-008,2026-06-16T08:00:00,55.9,3.31,16.1,81.6,0
TX-008,2026-06-17T08:00:00,61.9,2.69,10.9,80.3,0
TX-008,2026-06-18T08:00:00,60.5,3.06,7.9,82.3,0
TX-008,2026-06-19T08:00:00,56.9,2.45,11.7,78.1,0
TX-008,2026-06-20T08:00:00,57.1,3.57,13.1,79.7,0
TX-008,2026-06-21T08:00:00,60.1,2.85,10.8,80.8,0
TX-008,2026-06-22T08:00:00,58.4,2.58,11.3,83.4,0
TX-008,2026-06-23T08:00:00,60.9,2.29,10.4,85.2,0
TX-008,2026-06-24T08:00:00,63.8,2.96,16.6,84.4,0
TX-008,2026-06-25T08:00:00,58.0,2.01,11.6,79.4,0
TX-008,2026-06-26T08:00:00,58.8,3.51,12.6,80.4,0
TX-008,2026-06-27T08:00:00,54.9,2.03,6.1,85.2,0
TX-008,2026-06-28T08:00:00,61.0,2.76,11.4,81.8,0
TX-008,2026-06-29T08:00:00,58.4,3.37,13.0,78.0,0
TX-008,2026-06-30T08:00:00,61.6,2.04,10.6,79.2,0
TX-008,2026-07-01T08:00:00,58.6,2.31,7.7,79.8,0
TX-008,2026-07-02T08:00:00,60.9,2.74,13.8,84.7,0
TX-008,2026-07-03T08:00:00,59.2,3.04,8.9,81.8,0
TX-008,2026-07-04T08:00:00,55.0,3.03,14.5,83.9,0
TX-008,2026-07-05T08:00:00,58.4,3.17,11.4,80.8,0
TX-008,2026-07-06T08:00:00,59.9,3.1,18.4,83.4,0
TX-008,2026-07-07T08:00:00,55.1,2.42,7.9,82.1,0
TX-008,2026-07-08T08:00:00,55.1,3.36,10.9,83.2,0
TX-008,2026-07-09T08:00:00,58.9,2.95,8.7,81.9,0
TX-008,2026-07-10T08:00:00,57.2,2.77,12.2,83.3,0
TX-008,2026-07-11T08:00:00,57.0,3.14,12.8,85.2,0
TX-008,2026-07-12T08:00:00,48.5,2.56,15.6,76.9,0
TX-008,2026-07-13T08:00:00,62.9,2.85,5.7,83.4,0
TX-008,2026-07-14T08:00:00,55.3,2.45,16.2,81.2,0
TX-008,2026-07-15T08:00:00,55.6,3.62,14.6,81.3,0
TX-008,2026-07-16T08:00:00,56.1,2.73,16.5,80.0,0
TX-008,2026-07-17T08:00:00,54.6,3.32,11.0,82.1,0
TX-008,2026-07-18T08:00:00,60.0,2.66,4.5,81.5,0
TX-008,2026-07-19T08:00:00,62.2,3.68,11.5,81.9,0
TX-008,2026-07-20T08:00:00,62.5,3.05,12.7,78.0,0
TX-008,2026-07-21T08:00:00,57.2,2.9,7.3,81.2,0
TX-008,2026-07-22T08:00:00,63.6,2.71,7.5,78.2,0
TX-008,2026-07-23T08:00:00,58.4,2.58,9.2,82.4,0
TX-008,2026-07-24T08:00:00,59.3,2.88,12.9,79.5,0
TX-008,2026-07-25T08:00:00,56.5,2.68,11.6,83.9,0
TX-008,2026-07-26T08:00:00,56.3,2.5,16.3,82.3,0
TX-008,2026-07-27T08:00:00,54.2,2.69,8.1,79.7,0
TX-008,2026-07-28T08:00:00,54.4,2.49,18.0,84.0,0
TX-008,2026-07-29T08:00:00,62.6,3.25,11.4,82.7,0
TX-008,2026-07-30T08:00:00,58.7,2.39,8.3,83.7,0
TX-008,2026-07-31T08:00:00,54.8,2.89,13.8,83.4,0
TX-008,2026-08-01T08:00:00,59.5,2.33,13.4,81.7,0
TX-008,2026-08-02T08:00:00,55.5,2.02,13.2,78.8,0
TX-008,2026-08-03T08:00:00,53.3,3.51,8.2,81.1,0
TX-008,2026-08-04T08:00:00,58.7,2.84,8.8,80.5,0
TX-008,2026-08-05T08:00:00,60.9,2.7,11.7,77.6,0
TX-008,2026-08-06T08:00:00,56.7,3.16,9.6,80.0,0
TX-008,2026-08-07T08:00:00,59.6,3.05,12.8,80.8,0
TX-008,2026-08-08T08:00:00,60.7,3.46,15.3,78.8,0
TX-008,2026-08-09T08:00:00,67.2,2.28,8.1,82.6,0
TX-008,2026-08-10T08:00:00,58.2,2.96,15.7,83.8,0
TX-008,2026-08-11T08:00:00,55.8,2.84,14.8,84.0,0
TX-008,2026-08-12T08:00:00,61.8,3.14,13.9,80.9,0
TX-008,2026-08-13T08:00:00,54.5,2.98,10.4,84.4,0
TX-008,2026-08-14T08:00:00,55.8,2.66,10.5,83.9,0
TX-008,2026-08-15T08:00:00,60.7,2.82,12.7,85.2,0
TX-008,2026-08-16T08:00:00,53.2,3.11,15.0,84.4,0
TX-008,2026-08-17T08:00:00,60.8,2.5,10.2,83.3,0
TX-008,2026-08-18T08:00:00,56.7,2.73,7.3,79.6,0
TX-008,2026-08-19T08:00:00,59.5,2.64,9.5,81.6,0
TX-008,2026-08-20T08:00:00,59.3,2.71,12.3,82.1,0
TX-008,2026-08-21T08:00:00,57.7,2.81,9.1,80.9,0
TX-008,2026-08-22T08:00:00,52.9,2.35,8.2,81.1,0
TX-008,2026-08-23T08:00:00,61.8,2.81,12.3,80.1,0
TX-008,2026-08-24T08:00:00,59.3,3.49,11.5,80.3,0
TX-008,2026-08-25T08:00:00,54.9,2.92,9.0,83.4,0
TX-008,2026-08-26T08:00:00,55.4,2.15,13.2,79.4,0
TX-008,2026-08-27T08:00:00,60.3,3.23,10.0,82.4,0
TX-008,2026-08-28T08:00:00,62.6,2.63,16.6,81.3,0
TX-008,2026-08-29T08:00:00,55.6,2.85,12.5,84.2,0
TX-008,2026-08-30T08:00:00,61.1,2.96,13.8,82.3,0
TX-008,2026-08-31T08:00:00,60.8,2.61,8.6,82.4,0
TX-008,2026-09-01T08:00:00,66.5,3.14,9.7,84.7,0
TX-008,2026-09-02T08:00:00,52.8,2.71,13.0,80.6,0
TX-008,2026-09-03T08:00:00,56.7,2.74,10.2,80.4,0
TX-008,2026-09-04T08:00:00,55.2,2.19,8.9,81.7,0
TX-008,2026-09-05T08:00:00,61.5,2.55,8.2,85.2,0
TX-008,2026-09-06T08:00:00,55.0,2.85,9.0,80.5,0
TX-008,2026-09-07T08:00:00,59.6,3.0,15.6,83.3,0
TX-008,2026-09-08T08:00:00,58.9,3.06,8.7,84.4,0
TX-008,2026-09-09T08:00:00,60.0,3.01,13.6,79.0,0
TX-008,2026-09-10T08:00:00,55.0,2.87,12.2,83.1,0
TX-008,2026-09-11T08:00:00,58.8,2.74,15.6,82.6,0
TX-008,2026-09-12T08:00:00,60.7,3.29,15.6,82.6,0
TX-009,2026-06-15T08:00:00,54.8,2.52,14.3,89.0,0
TX-009,2026-06-16T08:00:00,49.5,2.11,15.8,84.9,0
TX-009,2026-06-17T08:00:00,51.3,2.14,13.9,85.6,0
TX-009,2026-06-18T08:00:00,58.6,2.38,13.8,87.8,0
TX-009,2026-06-19T08:00:00,48.3,1.99,11.9,83.3,0
TX-009,2026-06-20T08:00:00,51.3,2.15,10.6,82.7,0
TX-009,2026-06-21T08:00:00,48.8,2.57,11.4,86.4,0
TX-009,2026-06-22T08:00:00,54.2,2.58,13.3,82.7,0
TX-009,2026-06-23T08:00:00,51.1,2.52,13.9,85.8,0
TX-009,2026-06-24T08:00:00,52.0,2.34,11.8,82.2,0
TX-009,2026-06-25T08:00:00,55.1,2.72,13.9,86.5,0
TX-009,2026-06-26T08:00:00,55.6,1.66,11.7,81.6,0
TX-009,2026-06-27T08:00:00,49.7,2.36,14.6,85.1,0
TX-009,2026-06-28T08:00:00,53.3,3.13,11.8,82.6,0
TX-009,2026-06-29T08:00:00,48.4,2.07,11.4,81.4,0
TX-009,2026-06-30T08:00:00,53.9,2.54,8.9,84.7,0
TX-009,2026-07-01T08:00:00,54.1,2.16,13.3,83.1,0
TX-009,2026-07-02T08:00:00,54.4,3.0,12.0,81.9,0
TX-009,2026-07-03T08:00:00,52.9,2.45,8.5,82.0,0
TX-009,2026-07-04T08:00:00,51.4,2.76,13.5,86.9,0
TX-009,2026-07-05T08:00:00,52.5,3.2,8.5,85.4,0
TX-009,2026-07-06T08:00:00,51.9,3.01,11.2,82.4,0
TX-009,2026-07-07T08:00:00,53.3,1.97,8.4,86.3,0
TX-009,2026-07-08T08:00:00,52.5,2.76,8.4,87.1,0
TX-009,2026-07-09T08:00:00,52.1,1.63,8.4,81.7,0
TX-009,2026-07-10T08:00:00,48.2,2.62,12.2,85.7,0
TX-009,2026-07-11T08:00:00,50.4,2.63,6.7,83.5,0
TX-009,2026-07-12T08:00:00,52.1,2.19,11.4,84.4,0
TX-009,2026-07-13T08:00:00,54.0,2.54,13.9,83.5,0
TX-009,2026-07-14T08:00:00,54.5,2.53,11.8,84.8,0
TX-009,2026-07-15T08:00:00,46.1,3.18,8.3,82.9,0
TX-009,2026-07-16T08:00:00,51.6,1.89,16.3,83.2,0
TX-009,2026-07-17T08:00:00,50.5,2.08,12.4,87.3,0
TX-009,2026-07-18T08:00:00,53.4,2.11,15.0,85.1,0
TX-009,2026-07-19T08:00:00,50.4,2.39,11.5,85.0,0
TX-009,2026-07-20T08:00:00,52.6,2.42,16.7,90.2,0
TX-009,2026-07-21T08:00:00,53.1,2.05,7.9,86.1,0
TX-009,2026-07-22T08:00:00,47.7,2.34,12.2,84.8,0
TX-009,2026-07-23T08:00:00,51.4,3.15,13.5,83.5,0
TX-009,2026-07-24T08:00:00,54.9,2.34,9.5,83.7,0
TX-009,2026-07-25T08:00:00,56.1,2.19,10.8,86.5,0
TX-009,2026-07-26T08:00:00,53.5,2.51,9.1,89.1,0
TX-009,2026-07-27T08:00:00,55.0,1.47,15.0,81.9,0
TX-009,2026-07-28T08:00:00,48.5,2.14,14.8,83.9,0
TX-009,2026-07-29T08:00:00,53.2,1.75,14.3,84.0,0
TX-009,2026-07-30T08:00:00,48.7,2.54,12.5,84.7,0
TX-009,2026-07-31T08:00:00,56.5,2.65,15.6,84.4,0
TX-009,2026-08-01T08:00:00,52.9,2.76,14.5,83.8,0
TX-009,2026-08-02T08:00:00,58.2,2.46,11.1,85.4,0
TX-009,2026-08-03T08:00:00,50.0,1.76,17.2,86.6,0
TX-009,2026-08-04T08:00:00,49.8,2.47,12.9,83.5,0
TX-009,2026-08-05T08:00:00,56.9,2.22,14.0,83.2,0
TX-009,2026-08-06T08:00:00,54.1,3.03,12.5,83.5,0
TX-009,2026-08-07T08:00:00,53.3,2.7,9.8,83.7,0
TX-009,2026-08-08T08:00:00,57.9,2.97,9.1,81.8,0
TX-009,2026-08-09T08:00:00,48.7,1.97,10.2,84.3,0
TX-009,2026-08-10T08:00:00,48.4,2.48,2.4,84.8,0
TX-009,2026-08-11T08:00:00,57.4,1.93,2.4,84.8,0
TX-009,2026-08-12T08:00:00,54.7,2.25,11.7,87.1,0
TX-009,2026-08-13T08:00:00,57.7,2.65,7.4,84.8,0
TX-009,2026-08-14T08:00:00,49.6,2.41,10.3,83.3,0
TX-009,2026-08-15T08:00:00,57.2,2.32,6.6,85.2,0
TX-009,2026-08-16T08:00:00,54.7,2.44,8.7,83.6,0
TX-009,2026-08-17T08:00:00,50.8,2.21,9.0,84.0,0
TX-009,2026-08-18T08:00:00,48.5,2.51,8.7,86.2,0
TX-009,2026-08-19T08:00:00,53.7,3.02,7.0,87.3,0
TX-009,2026-08-20T08:00:00,52.2,2.66,13.7,86.4,0
TX-009,2026-08-21T08:00:00,52.8,2.6,10.8,85.9,0
TX-009,2026-08-22T08:00:00,49.9,2.58,15.7,88.5,0
TX-009,2026-08-23T08:00:00,55.8,3.0,12.6,86.6,0
TX-009,2026-08-24T08:00:00,58.4,2.39,6.3,84.1,0
TX-009,2026-08-25T08:00:00,53.2,2.09,7.5,83.5,0
TX-009,2026-08-26T08:00:00,48.9,2.78,16.2,85.8,0
TX-009,2026-08-27T08:00:00,48.4,2.5,8.5,85.0,0
TX-009,2026-08-28T08:00:00,50.1,2.81,13.2,83.8,0
TX-009,2026-08-29T08:00:00,54.1,2.44,16.2,80.7,0
TX-009,2026-08-30T08:00:00,53.8,2.91,10.0,83.5,0
TX-009,2026-08-31T08:00:00,53.1,2.05,9.5,82.4,0
TX-009,2026-09-01T08:00:00,52.1,1.58,9.3,85.6,0
TX-009,2026-09-02T08:00:00,51.5,2.25,13.8,87.6,0
TX-009,2026-09-03T08:00:00,50.4,2.9,5.8,82.8,0
TX-009,2026-09-04T08:00:00,54.2,2.52,11.4,86.2,0
TX-009,2026-09-05T08:00:00,52.0,2.72,9.6,83.2,0
TX-009,2026-09-06T08:00:00,47.0,2.69,8.5,86.5,0
TX-009,2026-09-07T08:00:00,55.6,2.33,11.3,84.9,0
TX-009,2026-09-08T08:00:00,52.0,1.83,15.4,83.4,0
TX-009,2026-09-09T08:00:00,54.2,2.53,11.9,84.9,0
TX-009,2026-09-10T08:00:00,55.3,2.07,14.0,84.8,0
TX-009,2026-09-11T08:00:00,52.7,2.25,10.9,85.6,0
TX-009,2026-09-12T08:00:00,49.1,1.73,10.2,85.9,0
FDR-001,2026-06-15T08:00:00,49.8,3.2,16.2,91.7,0
FDR-001,2026-06-16T08:00:00,55.1,2.76,14.0,87.5,0
FDR-001,2026-06-17T08:00:00,42.7,2.81,10.0,88.5,0
FDR-001,2026-06-18T08:00:00,43.3,3.01,11.7,87.7,0
FDR-001,2026-06-19T08:00:00,47.3,2.33,9.8,86.9,0
FDR-001,2026-06-20T08:00:00,46.5,2.57,11.3,90.6,0
FDR-001,2026-06-21T08:00:00,45.5,2.47,9.6,89.6,0
FDR-001,2026-06-22T08:00:00,50.6,2.99,17.8,88.9,0
FDR-001,2026-06-23T08:00:00,52.3,2.35,11.9,88.9,0
FDR-001,2026-06-24T08:00:00,57.2,2.2,11.9,88.9,0
FDR-001,2026-06-25T08:00:00,48.5,2.79,12.3,89.1,0
FDR-001,2026-06-26T08:00:00,48.6,2.95,9.5,88.1,0
FDR-001,2026-06-27T08:00:00,53.3,3.21,10.0,90.1,0
FDR-001,2026-06-28T08:00:00,50.5,3.07,12.6,92.3,0
FDR-001,2026-06-29T08:00:00,55.3,2.26,11.3,87.4,0
FDR-001,2026-06-30T08:00:00,50.5,1.92,7.3,90.9,0
FDR-001,2026-07-01T08:00:00,51.8,2.95,9.6,86.8,0
FDR-001,2026-07-02T08:00:00,50.2,3.2,12.5,89.2,0
FDR-001,2026-07-03T08:00:00,54.3,2.8,12.8,89.7,0
FDR-001,2026-07-04T08:00:00,50.2,3.28,12.0,87.4,0
FDR-001,2026-07-05T08:00:00,52.8,3.03,10.9,90.3,0
FDR-001,2026-07-06T08:00:00,54.0,1.31,7.1,89.7,0
FDR-001,2026-07-07T08:00:00,47.9,3.33,13.3,88.7,0
FDR-001,2026-07-08T08:00:00,50.9,2.5,10.4,89.1,0
FDR-001,2026-07-09T08:00:00,53.7,2.03,13.0,88.0,0
FDR-001,2026-07-10T08:00:00,51.0,2.35,12.7,86.7,0
FDR-001,2026-07-11T08:00:00,50.7,2.55,7.3,89.7,0
FDR-001,2026-07-12T08:00:00,42.3,2.5,7.8,89.4,0
FDR-001,2026-07-13T08:00:00,49.7,2.98,11.7,88.4,0
FDR-001,2026-07-14T08:00:00,54.1,2.47,12.2,91.7,0
FDR-001,2026-07-15T08:00:00,52.7,3.44,13.7,87.8,0
FDR-001,2026-07-16T08:00:00,54.0,3.02,11.5,90.0,0
FDR-001,2026-07-17T08:00:00,50.5,2.85,12.4,88.6,0
FDR-001,2026-07-18T08:00:00,55.8,2.83,8.3,89.3,0
FDR-001,2026-07-19T08:00:00,49.8,2.78,13.0,89.6,0
FDR-001,2026-07-20T08:00:00,45.6,2.02,16.5,88.8,0
FDR-001,2026-07-21T08:00:00,54.7,2.86,10.7,85.5,0
FDR-001,2026-07-22T08:00:00,52.3,2.86,17.6,88.5,0
FDR-001,2026-07-23T08:00:00,51.0,1.93,10.5,89.4,0
FDR-001,2026-07-24T08:00:00,49.7,2.3,16.6,92.1,0
FDR-001,2026-07-25T08:00:00,47.5,2.69,11.0,91.8,0
FDR-001,2026-07-26T08:00:00,51.4,2.89,9.5,91.5,0
FDR-001,2026-07-27T08:00:00,49.8,3.4,15.6,87.6,0
FDR-001,2026-07-28T08:00:00,52.3,2.75,11.6,90.4,0
FDR-001,2026-07-29T08:00:00,50.7,2.66,10.4,87.4,0
FDR-001,2026-07-30T08:00:00,51.0,2.72,15.5,86.2,0
FDR-001,2026-07-31T08:00:00,51.1,3.29,10.3,86.8,0
FDR-001,2026-08-01T08:00:00,48.0,2.97,8.5,88.9,0
FDR-001,2026-08-02T08:00:00,48.7,2.42,11.4,88.1,0
FDR-001,2026-08-03T08:00:00,49.6,2.63,13.1,88.0,0
FDR-001,2026-08-04T08:00:00,52.1,2.46,10.9,89.0,0
FDR-001,2026-08-05T08:00:00,45.6,2.32,10.3,86.8,0
FDR-001,2026-08-06T08:00:00,50.0,2.36,9.6,90.9,0
FDR-001,2026-08-07T08:00:00,57.0,3.05,13.2,91.1,0
FDR-001,2026-08-08T08:00:00,51.7,2.55,12.6,88.2,0
FDR-001,2026-08-09T08:00:00,44.1,2.31,9.8,89.8,0
FDR-001,2026-08-10T08:00:00,49.3,1.93,12.2,89.4,0
FDR-001,2026-08-11T08:00:00,53.0,2.8,19.5,87.1,0
FDR-001,2026-08-12T08:00:00,54.7,3.02,10.4,88.6,0
FDR-001,2026-08-13T08:00:00,48.5,2.6,11.0,88.0,0
FDR-001,2026-08-14T08:00:00,50.7,2.24,15.7,90.6,0
FDR-001,2026-08-15T08:00:00,48.6,3.0,9.1,85.3,0
FDR-001,2026-08-16T08:00:00,51.7,2.87,10.1,89.9,0
FDR-001,2026-08-17T08:00:00,56.6,3.86,9.7,89.5,0
FDR-001,2026-08-18T08:00:00,47.0,3.78,11.0,90.6,0
FDR-001,2026-08-19T08:00:00,51.0,2.23,11.7,86.2,0
FDR-001,2026-08-20T08:00:00,48.8,2.54,13.0,84.3,0
FDR-001,2026-08-21T08:00:00,50.5,3.67,9.4,89.5,0
FDR-001,2026-08-22T08:00:00,49.5,1.52,9.3,87.5,0
FDR-001,2026-08-23T08:00:00,53.3,2.64,11.6,90.2,0
FDR-001,2026-08-24T08:00:00,51.1,2.59,14.3,86.1,0
FDR-001,2026-08-25T08:00:00,50.1,3.15,5.9,87.3,0
FDR-001,2026-08-26T08:00:00,51.2,2.74,11.3,89.7,0
FDR-001,2026-08-27T08:00:00,48.1,3.04,12.9,92.5,0
FDR-001,2026-08-28T08:00:00,53.3,2.87,16.5,87.3,0
FDR-001,2026-08-29T08:00:00,49.9,1.95,14.9,92.2,0
FDR-001,2026-08-30T08:00:00,49.3,2.16,15.7,87.4,0
FDR-001,2026-08-31T08:00:00,49.2,3.27,11.2,88.5,0
FDR-001,2026-09-01T08:00:00,55.6,2.89,9.1,91.9,0
FDR-001,2026-09-02T08:00:00,45.5,3.05,13.8,87.8,0
FDR-001,2026-09-03T08:00:00,48.4,2.21,17.5,89.1,0
FDR-001,2026-09-04T08:00:00,48.8,2.88,15.9,89.5,0
FDR-001,2026-09-05T08:00:00,52.8,3.03,12.5,89.5,0
FDR-001,2026-09-06T08:00:00,50.4,2.25,8.5,89.8,0
FDR-001,2026-09-07T08:00:00,48.6,2.64,11.6,90.8,0
FDR-001,2026-09-08T08:00:00,51.6,2.77,11.4,88.6,0
FDR-001,2026-09-09T08:00:00,49.7,2.75,7.1,88.8,0
FDR-001,2026-09-10T08:00:00,51.8,2.81,9.1,88.0,0
FDR-001,2026-09-11T08:00:00,49.6,2.44,8.6,86.7,0
FDR-001,2026-09-12T08:00:00,50.8,2.81,12.7,87.1,0
FDR-002,2026-06-15T08:00:00,53.4,2.65,17.0,81.2,0
FDR-002,2026-06-16T08:00:00,50.7,3.02,17.9,82.8,0
FDR-002,2026-06-17T08:00:00,49.3,3.85,11.7,79.0,0
FDR-002,2026-06-18T08:00:00,50.7,2.81,23.8,84.1,0
FDR-002,2026-06-19T08:00:00,53.2,3.1,18.8,79.2,0
FDR-002,2026-06-20T08:00:00,53.0,2.82,25.0,81.6,0
FDR-002,2026-06-21T08:00:00,56.0,2.19,23.1,83.3,0
FDR-002,2026-06-22T08:00:00,54.8,3.01,20.5,83.3,0
FDR-002,2026-06-23T08:00:00,50.3,2.67,16.2,82.9,0
FDR-002,2026-06-24T08:00:00,47.4,2.8,21.4,85.5,0
FDR-002,2026-06-25T08:00:00,56.2,2.79,18.0,82.6,0
FDR-002,2026-06-26T08:00:00,53.5,3.02,19.5,80.4,0
FDR-002,2026-06-27T08:00:00,56.4,2.92,21.4,83.2,0
FDR-002,2026-06-28T08:00:00,51.5,3.51,15.3,79.7,0
FDR-002,2026-06-29T08:00:00,58.3,2.83,17.2,81.9,0
FDR-002,2026-06-30T08:00:00,46.3,3.48,20.6,84.1,0
FDR-002,2026-07-01T08:00:00,54.7,2.36,19.8,85.3,0
FDR-002,2026-07-02T08:00:00,45.7,2.97,20.7,83.3,0
FDR-002,2026-07-03T08:00:00,49.6,2.66,17.1,83.8,0
FDR-002,2026-07-04T08:00:00,50.7,3.04,16.9,82.0,0
FDR-002,2026-07-05T08:00:00,55.8,2.67,20.1,80.5,0
FDR-002,2026-07-06T08:00:00,56.8,2.15,18.8,82.6,0
FDR-002,2026-07-07T08:00:00,50.0,2.62,22.2,86.6,0
FDR-002,2026-07-08T08:00:00,51.6,2.59,12.8,86.5,0
FDR-002,2026-07-09T08:00:00,49.1,2.37,18.8,84.5,0
FDR-002,2026-07-10T08:00:00,56.8,3.6,20.7,82.1,0
FDR-002,2026-07-11T08:00:00,50.3,2.66,20.9,85.0,0
FDR-002,2026-07-12T08:00:00,54.1,1.97,16.8,86.0,0
FDR-002,2026-07-13T08:00:00,50.7,2.7,26.6,82.9,0
FDR-002,2026-07-14T08:00:00,56.5,3.47,20.7,82.2,0
FDR-002,2026-07-15T08:00:00,45.4,2.39,20.4,84.3,0
FDR-002,2026-07-16T08:00:00,55.8,2.29,19.1,79.0,0
FDR-002,2026-07-17T08:00:00,49.6,2.94,11.9,84.7,0
FDR-002,2026-07-18T08:00:00,57.8,2.16,17.7,86.5,0
FDR-002,2026-07-19T08:00:00,53.8,2.89,18.8,80.3,0
FDR-002,2026-07-20T08:00:00,51.9,3.24,18.7,84.5,0
FDR-002,2026-07-21T08:00:00,51.2,2.38,17.2,81.0,0
FDR-002,2026-07-22T08:00:00,48.2,2.72,17.8,81.2,0
FDR-002,2026-07-23T08:00:00,54.4,2.36,19.7,84.1,0
FDR-002,2026-07-24T08:00:00,57.3,2.87,20.8,83.2,0
FDR-002,2026-07-25T08:00:00,48.1,3.07,23.5,82.8,0
FDR-002,2026-07-26T08:00:00,58.6,3.1,24.5,82.7,0
FDR-002,2026-07-27T08:00:00,49.6,2.75,16.3,83.5,0
FDR-002,2026-07-28T08:00:00,51.5,2.8,18.2,81.1,0
FDR-002,2026-07-29T08:00:00,50.7,3.24,18.3,80.4,0
FDR-002,2026-07-30T08:00:00,46.2,2.6,19.3,80.7,0
FDR-002,2026-07-31T08:00:00,46.9,2.95,28.0,84.8,0
FDR-002,2026-08-01T08:00:00,49.3,2.68,18.1,80.5,0
FDR-002,2026-08-02T08:00:00,48.1,2.67,20.8,83.6,0
FDR-002,2026-08-03T08:00:00,50.2,2.93,20.0,81.1,0
FDR-002,2026-08-04T08:00:00,48.6,2.99,21.9,83.9,0
FDR-002,2026-08-05T08:00:00,55.8,3.32,13.9,84.0,0
FDR-002,2026-08-06T08:00:00,56.2,3.18,22.7,81.9,0
FDR-002,2026-08-07T08:00:00,54.3,3.04,16.7,83.5,0
FDR-002,2026-08-08T08:00:00,48.3,2.39,19.4,85.2,0
FDR-002,2026-08-09T08:00:00,52.3,3.34,22.9,81.1,0
FDR-002,2026-08-10T08:00:00,52.0,2.53,20.9,84.5,0
FDR-002,2026-08-11T08:00:00,49.9,3.1,14.5,85.4,0
FDR-002,2026-08-12T08:00:00,45.0,2.66,16.3,84.4,0
FDR-002,2026-08-13T08:00:00,53.0,1.85,14.4,81.9,0
FDR-002,2026-08-14T08:00:00,55.8,3.38,20.5,85.9,0
FDR-002,2026-08-15T08:00:00,50.0,2.9,18.8,80.9,0
FDR-002,2026-08-16T08:00:00,51.2,2.59,19.8,84.1,0
FDR-002,2026-08-17T08:00:00,50.6,2.52,12.8,84.1,0
FDR-002,2026-08-18T08:00:00,52.0,2.72,20.1,82.1,0
FDR-002,2026-08-19T08:00:00,49.4,2.49,17.4,83.5,0
FDR-002,2026-08-20T08:00:00,50.5,2.55,14.5,82.3,0
FDR-002,2026-08-21T08:00:00,47.0,2.47,20.1,83.4,0
FDR-002,2026-08-22T08:00:00,51.8,2.64,21.2,80.7,0
FDR-002,2026-08-23T08:00:00,53.6,2.44,19.3,82.8,0
FDR-002,2026-08-24T08:00:00,50.6,2.86,16.5,80.7,0
FDR-002,2026-08-25T08:00:00,50.8,2.23,18.9,81.9,0
FDR-002,2026-08-26T08:00:00,48.5,2.88,19.7,82.7,0
FDR-002,2026-08-27T08:00:00,51.4,3.1,17.7,83.6,0
FDR-002,2026-08-28T08:00:00,48.9,2.95,18.0,84.1,0
FDR-002,2026-08-29T08:00:00,51.5,2.43,14.9,82.7,0
FDR-002,2026-08-30T08:00:00,50.9,2.21,22.2,85.1,0
FDR-002,2026-08-31T08:00:00,46.2,1.87,13.9,83.4,0
FDR-002,2026-09-01T08:00:00,60.3,2.26,17.5,85.7,0
FDR-002,2026-09-02T08:00:00,50.8,3.18,21.3,83.0,0
FDR-002,2026-09-03T08:00:00,54.9,3.1,14.3,82.7,0
FDR-002,2026-09-04T08:00:00,50.4,2.74,14.8,81.1,0
FDR-002,2026-09-05T08:00:00,52.4,2.73,22.6,83.5,0
FDR-002,2026-09-06T08:00:00,56.6,3.25,21.9,76.0,0
FDR-002,2026-09-07T08:00:00,50.0,2.92,14.5,82.0,0
FDR-002,2026-09-08T08:00:00,54.3,2.75,17.4,86.5,0
FDR-002,2026-09-09T08:00:00,51.0,3.17,18.3,83.3,0
FDR-002,2026-09-10T08:00:00,51.2,2.39,17.8,80.3,0
FDR-002,2026-09-11T08:00:00,54.1,2.78,17.1,84.7,0
FDR-002,2026-09-12T08:00:00,49.1,1.94,19.7,80.3,0
FDR-003,2026-06-15T08:00:00,48.9,2.78,16.6,78.6,0
FDR-003,2026-06-16T08:00:00,50.4,3.32,9.5,81.9,0
FDR-003,2026-06-17T08:00:00,54.4,2.42,13.3,78.5,0
FDR-003,2026-06-18T08:00:00,51.1,2.65,11.6,76.9,0
FDR-003,2026-06-19T08:00:00,55.2,2.47,16.1,79.9,0
FDR-003,2026-06-20T08:00:00,61.5,2.94,9.7,77.4,0
FDR-003,2026-06-21T08:00:00,50.4,2.54,8.7,77.9,0
FDR-003,2026-06-22T08:00:00,53.1,2.09,13.4,80.7,0
FDR-003,2026-06-23T08:00:00,50.1,2.96,13.9,82.4,0
FDR-003,2026-06-24T08:00:00,55.1,2.63,13.2,81.1,0
FDR-003,2026-06-25T08:00:00,54.2,2.04,16.5,79.1,0
FDR-003,2026-06-26T08:00:00,56.5,2.79,11.7,80.2,0
FDR-003,2026-06-27T08:00:00,57.4,2.41,8.6,79.7,0
FDR-003,2026-06-28T08:00:00,56.9,3.35,16.8,76.0,0
FDR-003,2026-06-29T08:00:00,52.4,2.52,13.2,78.0,0
FDR-003,2026-06-30T08:00:00,52.3,2.24,20.7,80.3,0
FDR-003,2026-07-01T08:00:00,51.5,2.22,16.6,81.4,0
FDR-003,2026-07-02T08:00:00,56.6,2.85,12.3,78.7,0
FDR-003,2026-07-03T08:00:00,50.8,2.55,15.7,79.1,0
FDR-003,2026-07-04T08:00:00,53.9,3.01,12.3,82.1,0
FDR-003,2026-07-05T08:00:00,54.4,2.87,13.6,80.5,0
FDR-003,2026-07-06T08:00:00,50.5,2.38,14.4,82.0,0
FDR-003,2026-07-07T08:00:00,52.4,2.91,13.0,78.6,0
FDR-003,2026-07-08T08:00:00,53.1,2.87,11.6,79.0,0
FDR-003,2026-07-09T08:00:00,51.6,2.79,9.3,80.7,0
FDR-003,2026-07-10T08:00:00,53.9,2.8,12.0,80.8,0
FDR-003,2026-07-11T08:00:00,49.8,2.41,16.1,77.5,0
FDR-003,2026-07-12T08:00:00,51.2,2.48,15.6,77.3,0
FDR-003,2026-07-13T08:00:00,51.3,2.28,18.7,79.6,0
FDR-003,2026-07-14T08:00:00,51.5,2.76,16.3,76.0,0
FDR-003,2026-07-15T08:00:00,49.8,2.8,11.8,77.3,0
FDR-003,2026-07-16T08:00:00,51.0,2.78,14.7,84.1,0
FDR-003,2026-07-17T08:00:00,48.2,2.12,10.1,82.1,0
FDR-003,2026-07-18T08:00:00,50.4,2.11,16.1,78.7,0
FDR-003,2026-07-19T08:00:00,56.4,2.8,11.7,82.0,0
FDR-003,2026-07-20T08:00:00,55.5,3.31,12.4,79.6,0
FDR-003,2026-07-21T08:00:00,57.5,3.16,14.5,78.5,0
FDR-003,2026-07-22T08:00:00,49.9,2.14,10.7,79.8,0
FDR-003,2026-07-23T08:00:00,49.5,3.0,6.0,78.6,0
FDR-003,2026-07-24T08:00:00,51.1,2.96,15.3,77.7,0
FDR-003,2026-07-25T08:00:00,53.8,2.3,14.6,77.8,0
FDR-003,2026-07-26T08:00:00,53.5,3.3,19.8,82.4,0
FDR-003,2026-07-27T08:00:00,50.0,2.51,10.9,79.0,0
FDR-003,2026-07-28T08:00:00,47.8,2.46,17.0,84.7,0
FDR-003,2026-07-29T08:00:00,54.4,2.79,15.7,77.0,0
FDR-003,2026-07-30T08:00:00,50.6,3.04,13.0,79.5,0
FDR-003,2026-07-31T08:00:00,55.7,1.95,17.2,78.6,0
FDR-003,2026-08-01T08:00:00,54.8,2.71,15.9,82.2,0
FDR-003,2026-08-02T08:00:00,50.1,3.05,15.2,83.0,0
FDR-003,2026-08-03T08:00:00,51.5,3.19,15.9,79.3,0
FDR-003,2026-08-04T08:00:00,56.1,2.56,16.4,80.0,0
FDR-003,2026-08-05T08:00:00,53.4,2.74,16.7,80.0,0
FDR-003,2026-08-06T08:00:00,54.8,2.95,11.1,82.0,0
FDR-003,2026-08-07T08:00:00,57.5,2.92,14.9,78.5,0
FDR-003,2026-08-08T08:00:00,57.0,2.1,14.1,83.3,0
FDR-003,2026-08-09T08:00:00,51.0,2.93,11.5,81.5,0
FDR-003,2026-08-10T08:00:00,48.8,2.55,11.8,80.4,0
FDR-003,2026-08-11T08:00:00,48.0,3.32,14.6,79.2,0
FDR-003,2026-08-12T08:00:00,58.3,2.87,17.3,79.3,0
FDR-003,2026-08-13T08:00:00,58.8,2.99,14.2,78.5,0
FDR-003,2026-08-14T08:00:00,55.5,2.98,16.5,76.2,0
FDR-003,2026-08-15T08:00:00,49.5,3.26,17.3,75.9,0
FDR-003,2026-08-16T08:00:00,56.6,3.6,18.3,75.6,0
FDR-003,2026-08-17T08:00:00,54.4,3.49,20.3,73.7,0
FDR-003,2026-08-18T08:00:00,57.4,3.19,22.8,74.1,0
FDR-003,2026-08-19T08:00:00,54.1,3.48,32.6,72.3,0
FDR-003,2026-08-20T08:00:00,57.3,3.6,27.5,71.4,1
FDR-003,2026-08-21T08:00:00,61.6,4.5,44.3,68.6,1
FDR-003,2026-08-22T08:00:00,60.2,3.79,45.2,69.2,1
FDR-003,2026-08-23T08:00:00,63.5,4.7,43.3,60.1,1
FDR-003,2026-08-24T08:00:00,65.4,4.97,48.5,61.5,1
FDR-003,2026-08-25T08:00:00,65.2,5.05,52.3,59.0,1
FDR-003,2026-08-26T08:00:00,60.1,5.11,55.0,57.3,1
FDR-003,2026-08-27T08:00:00,69.5,5.16,58.4,58.3,1
FDR-003,2026-08-28T08:00:00,69.5,5.19,60.9,53.8,1
FDR-003,2026-08-29T08:00:00,68.8,5.81,64.4,55.6,1
FDR-003,2026-08-30T08:00:00,71.6,5.72,64.2,52.9,1
FDR-003,2026-08-31T08:00:00,69.7,6.09,69.0,51.9,1
FDR-003,2026-09-01T08:00:00,68.5,6.18,69.3,52.3,1
FDR-003,2026-09-02T08:00:00,68.6,6.16,68.6,51.4,1
FDR-003,2026-09-03T08:00:00,62.9,6.45,73.4,53.3,0
FDR-003,2026-09-04T08:00:00,62.7,6.28,75.5,48.8,0
FDR-003,2026-09-05T08:00:00,69.5,6.33,75.3,49.7,0
FDR-003,2026-09-06T08:00:00,58.6,6.25,74.0,48.7,0
FDR-003,2026-09-07T08:00:00,64.1,6.42,74.9,53.4,0
FDR-003,2026-09-08T08:00:00,65.7,6.69,73.7,49.2,0
FDR-003,2026-09-09T08:00:00,69.6,6.56,72.1,53.3,0
FDR-003,2026-09-10T08:00:00,68.1,5.72,70.3,52.3,0
FDR-003,2026-09-11T08:00:00,66.4,6.25,74.0,50.0,0
FDR-003,2026-09-12T08:00:00,71.0,6.02,70.4,45.6,0
FDR-004,2026-06-15T08:00:00,52.6,2.76,20.4,79.7,0
FDR-004,2026-06-16T08:00:00,56.1,2.75,21.8,79.1,0
FDR-004,2026-06-17T08:00:00,51.8,3.14,20.2,82.8,0
FDR-004,2026-06-18T08:00:00,49.0,3.3,16.7,77.8,0
FDR-004,2026-06-19T08:00:00,51.3,2.73,14.3,83.7,0
FDR-004,2026-06-20T08:00:00,54.6,3.32,14.0,77.7,0
FDR-004,2026-06-21T08:00:00,54.4,2.88,19.3,82.4,0
FDR-004,2026-06-22T08:00:00,53.5,3.19,16.9,81.5,0
FDR-004,2026-06-23T08:00:00,58.9,3.38,13.5,77.9,0
FDR-004,2026-06-24T08:00:00,57.1,2.69,16.3,80.1,0
FDR-004,2026-06-25T08:00:00,54.0,2.7,13.1,77.5,0
FDR-004,2026-06-26T08:00:00,45.8,2.44,20.4,79.2,0
FDR-004,2026-06-27T08:00:00,52.9,3.31,20.6,80.0,0
FDR-004,2026-06-28T08:00:00,55.1,2.71,10.9,83.0,0
FDR-004,2026-06-29T08:00:00,53.3,2.51,17.3,81.7,0
FDR-004,2026-06-30T08:00:00,53.5,2.48,16.2,81.7,0
FDR-004,2026-07-01T08:00:00,55.3,2.78,13.4,81.9,0
FDR-004,2026-07-02T08:00:00,56.7,2.63,18.2,83.2,0
FDR-004,2026-07-03T08:00:00,56.2,3.4,17.5,83.9,0
FDR-004,2026-07-04T08:00:00,57.1,2.53,17.6,81.6,0
FDR-004,2026-07-05T08:00:00,51.0,2.73,10.7,82.5,0
FDR-004,2026-07-06T08:00:00,55.6,3.33,20.7,79.9,0
FDR-004,2026-07-07T08:00:00,52.5,3.48,19.9,79.6,0
FDR-004,2026-07-08T08:00:00,45.9,2.77,13.5,81.2,0
FDR-004,2026-07-09T08:00:00,55.9,2.29,17.5,78.7,0
FDR-004,2026-07-10T08:00:00,60.5,2.89,18.1,79.0,0
FDR-004,2026-07-11T08:00:00,46.6,2.48,13.8,83.4,0
FDR-004,2026-07-12T08:00:00,49.6,3.2,17.9,80.9,0
FDR-004,2026-07-13T08:00:00,45.5,2.65,19.6,82.2,0
FDR-004,2026-07-14T08:00:00,53.5,2.29,17.1,81.6,0
FDR-004,2026-07-15T08:00:00,51.5,3.04,14.6,77.1,0
FDR-004,2026-07-16T08:00:00,51.1,2.59,20.3,82.5,0
FDR-004,2026-07-17T08:00:00,52.9,2.65,18.4,84.1,0
FDR-004,2026-07-18T08:00:00,50.1,2.61,20.1,82.0,0
FDR-004,2026-07-19T08:00:00,51.7,3.33,18.3,79.2,0
FDR-004,2026-07-20T08:00:00,53.8,2.86,21.6,82.3,0
FDR-004,2026-07-21T08:00:00,54.5,2.92,18.2,78.3,0
FDR-004,2026-07-22T08:00:00,48.6,3.02,17.9,80.3,0
FDR-004,2026-07-23T08:00:00,47.0,2.43,18.3,81.3,0
FDR-004,2026-07-24T08:00:00,51.1,2.49,17.5,80.8,0
FDR-004,2026-07-25T08:00:00,52.5,2.66,17.1,81.6,0
FDR-004,2026-07-26T08:00:00,51.1,3.53,14.9,81.4,0
FDR-004,2026-07-27T08:00:00,48.4,2.47,19.4,82.5,0
FDR-004,2026-07-28T08:00:00,53.6,2.6,17.7,79.1,0
FDR-004,2026-07-29T08:00:00,56.2,1.81,15.5,79.5,0
FDR-004,2026-07-30T08:00:00,56.9,2.79,20.4,84.0,0
FDR-004,2026-07-31T08:00:00,54.4,2.21,14.4,80.1,0
FDR-004,2026-08-01T08:00:00,54.2,3.02,12.7,82.7,0
FDR-004,2026-08-02T08:00:00,50.0,2.72,17.5,80.8,0
FDR-004,2026-08-03T08:00:00,57.7,3.32,12.7,78.8,0
FDR-004,2026-08-04T08:00:00,56.5,2.91,18.6,81.1,0
FDR-004,2026-08-05T08:00:00,56.7,3.17,19.0,79.7,0
FDR-004,2026-08-06T08:00:00,54.8,2.22,16.0,79.8,0
FDR-004,2026-08-07T08:00:00,50.7,2.49,10.7,83.6,0
FDR-004,2026-08-08T08:00:00,52.4,2.79,18.2,83.2,0
FDR-004,2026-08-09T08:00:00,57.0,2.69,17.2,79.3,0
FDR-004,2026-08-10T08:00:00,55.2,2.87,19.4,82.7,0
FDR-004,2026-08-11T08:00:00,55.4,3.08,16.9,78.6,0
FDR-004,2026-08-12T08:00:00,54.0,3.54,15.4,79.7,0
FDR-004,2026-08-13T08:00:00,54.9,3.53,13.6,76.3,0
FDR-004,2026-08-14T08:00:00,51.2,2.9,16.3,80.6,0
FDR-004,2026-08-15T08:00:00,51.5,2.61,14.2,81.8,0
FDR-004,2026-08-16T08:00:00,54.7,2.23,21.4,82.0,0
FDR-004,2026-08-17T08:00:00,54.7,2.75,17.4,78.8,0
FDR-004,2026-08-18T08:00:00,57.8,3.43,16.0,78.4,0
FDR-004,2026-08-19T08:00:00,52.1,3.1,15.5,79.5,0
FDR-004,2026-08-20T08:00:00,53.5,2.52,20.7,83.0,0
FDR-004,2026-08-21T08:00:00,55.0,2.58,17.3,83.3,0
FDR-004,2026-08-22T08:00:00,46.7,2.95,20.9,84.7,0
FDR-004,2026-08-23T08:00:00,50.2,2.98,19.8,83.5,0
FDR-004,2026-08-24T08:00:00,47.5,2.06,17.1,82.1,0
FDR-004,2026-08-25T08:00:00,52.6,2.73,20.5,84.0,0
FDR-004,2026-08-26T08:00:00,51.2,2.93,13.2,84.6,0
FDR-004,2026-08-27T08:00:00,48.8,2.44,14.0,79.0,0
FDR-004,2026-08-28T08:00:00,56.8,3.79,17.5,80.4,0
FDR-004,2026-08-29T08:00:00,55.2,2.5,20.7,81.0,0
FDR-004,2026-08-30T08:00:00,54.3,2.59,16.1,77.8,0
FDR-004,2026-08-31T08:00:00,53.1,3.22,11.1,79.1,0
FDR-004,2026-09-01T08:00:00,51.6,2.74,16.4,81.0,0
FDR-004,2026-09-02T08:00:00,53.9,2.85,11.6,81.7,0
FDR-004,2026-09-03T08:00:00,56.6,2.97,11.4,81.5,0
FDR-004,2026-09-04T08:00:00,54.4,2.47,16.9,83.6,0
FDR-004,2026-09-05T08:00:00,57.9,2.92,18.2,80.8,0
FDR-004,2026-09-06T08:00:00,51.8,3.42,19.6,82.3,0
FDR-004,2026-09-07T08:00:00,51.4,3.45,19.8,78.5,0
FDR-004,2026-09-08T08:00:00,56.3,2.93,17.5,77.0,0
FDR-004,2026-09-09T08:00:00,48.6,3.26,14.4,82.7,0
FDR-004,2026-09-10T08:00:00,49.0,2.27,22.4,82.9,0
FDR-004,2026-09-11T08:00:00,52.6,2.95,14.6,81.8,0
FDR-004,2026-09-12T08:00:00,56.5,2.7,18.1,77.7,0
FDR-005,2026-06-15T08:00:00,55.9,2.49,13.2,88.7,0
FDR-005,2026-06-16T08:00:00,54.7,1.89,14.4,88.7,0
FDR-005,2026-06-17T08:00:00,47.7,2.51,12.1,90.3,0
FDR-005,2026-06-18T08:00:00,49.5,2.04,12.8,88.0,0
FDR-005,2026-06-19T08:00:00,52.7,2.06,15.9,90.8,0
FDR-005,2026-06-20T08:00:00,54.2,1.89,15.3,89.0,0
FDR-005,2026-06-21T08:00:00,50.4,1.81,11.9,90.6,0
FDR-005,2026-06-22T08:00:00,49.5,1.8,15.9,90.1,0
FDR-005,2026-06-23T08:00:00,46.9,2.13,16.7,91.5,0
FDR-005,2026-06-24T08:00:00,48.9,1.65,12.2,92.0,0
FDR-005,2026-06-25T08:00:00,52.7,1.17,15.9,84.9,0
FDR-005,2026-06-26T08:00:00,56.3,2.43,12.1,89.6,0
FDR-005,2026-06-27T08:00:00,52.5,1.89,14.7,89.1,0
FDR-005,2026-06-28T08:00:00,49.8,2.7,7.2,89.4,0
FDR-005,2026-06-29T08:00:00,46.3,2.02,11.2,94.4,0
FDR-005,2026-06-30T08:00:00,49.0,2.04,11.5,91.1,0
FDR-005,2026-07-01T08:00:00,49.0,1.83,18.9,90.9,0
FDR-005,2026-07-02T08:00:00,51.3,3.06,11.4,87.7,0
FDR-005,2026-07-03T08:00:00,48.1,2.57,11.5,91.7,0
FDR-005,2026-07-04T08:00:00,48.6,1.37,10.9,89.9,0
FDR-005,2026-07-05T08:00:00,54.1,2.61,14.4,90.7,0
FDR-005,2026-07-06T08:00:00,42.6,2.2,13.4,88.7,0
FDR-005,2026-07-07T08:00:00,48.5,2.44,16.7,93.3,0
FDR-005,2026-07-08T08:00:00,49.9,1.77,19.0,88.7,0
FDR-005,2026-07-09T08:00:00,49.0,1.54,14.6,90.6,0
FDR-005,2026-07-10T08:00:00,53.0,2.18,14.9,90.5,0
FDR-005,2026-07-11T08:00:00,52.1,2.56,15.9,89.7,0
FDR-005,2026-07-12T08:00:00,48.9,2.41,11.6,89.1,0
FDR-005,2026-07-13T08:00:00,48.4,2.94,10.4,90.7,0
FDR-005,2026-07-14T08:00:00,52.5,2.44,13.2,89.5,0
FDR-005,2026-07-15T08:00:00,49.9,1.0,11.0,92.1,0
FDR-005,2026-07-16T08:00:00,48.1,2.15,21.2,87.4,0
FDR-005,2026-07-17T08:00:00,49.0,1.99,7.3,87.6,0
FDR-005,2026-07-18T08:00:00,46.2,2.31,12.6,85.1,0
FDR-005,2026-07-19T08:00:00,52.9,2.48,12.2,91.2,0
FDR-005,2026-07-20T08:00:00,52.3,1.73,14.2,89.7,0
FDR-005,2026-07-21T08:00:00,48.0,1.68,14.5,94.0,0
FDR-005,2026-07-22T08:00:00,50.4,2.18,10.1,88.8,0
FDR-005,2026-07-23T08:00:00,49.9,1.94,11.3,89.3,0
FDR-005,2026-07-24T08:00:00,48.8,2.59,19.5,87.8,0
FDR-005,2026-07-25T08:00:00,49.4,2.26,15.1,87.8,0
FDR-005,2026-07-26T08:00:00,48.8,2.33,8.4,93.8,0
FDR-005,2026-07-27T08:00:00,51.4,1.97,12.9,87.2,0
FDR-005,2026-07-28T08:00:00,55.9,2.06,12.0,92.9,0
FDR-005,2026-07-29T08:00:00,53.6,2.01,14.6,88.7,0
FDR-005,2026-07-30T08:00:00,49.4,2.0,14.2,91.5,0
FDR-005,2026-07-31T08:00:00,56.4,1.22,20.3,91.4,0
FDR-005,2026-08-01T08:00:00,50.6,1.92,7.7,91.7,0
FDR-005,2026-08-02T08:00:00,47.2,2.35,12.1,86.1,0
FDR-005,2026-08-03T08:00:00,51.8,2.29,10.5,91.1,0
FDR-005,2026-08-04T08:00:00,55.9,2.29,14.6,87.9,0
FDR-005,2026-08-05T08:00:00,47.4,1.93,13.5,89.4,0
FDR-005,2026-08-06T08:00:00,49.9,3.09,15.0,87.4,0
FDR-005,2026-08-07T08:00:00,46.9,1.4,10.3,90.5,0
FDR-005,2026-08-08T08:00:00,49.7,1.81,15.1,90.5,0
FDR-005,2026-08-09T08:00:00,51.6,2.09,13.2,86.7,0
FDR-005,2026-08-10T08:00:00,45.0,1.77,10.9,87.7,0
FDR-005,2026-08-11T08:00:00,50.0,1.9,9.4,89.1,0
FDR-005,2026-08-12T08:00:00,51.5,1.89,15.8,90.0,0
FDR-005,2026-08-13T08:00:00,51.7,1.94,14.6,90.7,0
FDR-005,2026-08-14T08:00:00,44.7,2.52,11.8,90.7,0
FDR-005,2026-08-15T08:00:00,43.6,1.92,8.2,89.1,0
FDR-005,2026-08-16T08:00:00,51.1,2.25,13.4,86.8,0
FDR-005,2026-08-17T08:00:00,54.4,1.55,12.3,87.8,0
FDR-005,2026-08-18T08:00:00,48.7,1.53,16.6,90.8,0
FDR-005,2026-08-19T08:00:00,50.7,2.03,10.4,89.1,0
FDR-005,2026-08-20T08:00:00,47.8,2.13,14.5,88.9,0
FDR-005,2026-08-21T08:00:00,51.7,2.32,15.7,93.3,0
FDR-005,2026-08-22T08:00:00,46.2,1.6,9.7,89.0,0
FDR-005,2026-08-23T08:00:00,45.7,1.88,15.8,90.8,0
FDR-005,2026-08-24T08:00:00,55.4,2.43,16.4,88.3,0
FDR-005,2026-08-25T08:00:00,49.4,2.44,15.9,85.5,0
FDR-005,2026-08-26T08:00:00,46.3,1.7,10.7,92.0,0
FDR-005,2026-08-27T08:00:00,55.9,2.22,14.3,93.2,0
FDR-005,2026-08-28T08:00:00,51.9,2.32,14.4,90.1,0
FDR-005,2026-08-29T08:00:00,54.6,2.38,13.6,88.6,0
FDR-005,2026-08-30T08:00:00,51.3,1.43,14.7,89.6,0
FDR-005,2026-08-31T08:00:00,51.5,1.63,14.7,89.7,0
FDR-005,2026-09-01T08:00:00,50.5,2.24,10.8,86.4,0
FDR-005,2026-09-02T08:00:00,51.9,1.21,15.1,93.5,0
FDR-005,2026-09-03T08:00:00,51.6,2.43,18.2,91.4,0
FDR-005,2026-09-04T08:00:00,57.3,1.74,12.3,90.3,0
FDR-005,2026-09-05T08:00:00,45.7,2.09,13.5,91.9,0
FDR-005,2026-09-06T08:00:00,53.7,2.4,15.4,89.5,0
FDR-005,2026-09-07T08:00:00,51.4,2.4,16.3,87.9,0
FDR-005,2026-09-08T08:00:00,51.9,2.06,14.1,91.7,0
FDR-005,2026-09-09T08:00:00,49.8,1.72,10.6,88.2,0
FDR-005,2026-09-10T08:00:00,52.3,2.03,11.5,90.9,0
FDR-005,2026-09-11T08:00:00,51.0,2.37,19.9,93.1,0
FDR-005,2026-09-12T08:00:00,51.5,2.23,16.7,91.9,0
FDR-006,2026-06-15T08:00:00,56.3,2.08,18.3,82.3,0
FDR-006,2026-06-16T08:00:00,59.2,2.78,13.6,80.9,0
FDR-006,2026-06-17T08:00:00,60.6,2.5,13.3,81.3,0
FDR-006,2026-06-18T08:00:00,58.6,2.36,20.9,83.5,0
FDR-006,2026-06-19T08:00:00,52.9,2.66,20.4,88.5,0
FDR-006,2026-06-20T08:00:00,56.0,2.58,11.6,83.0,0
FDR-006,2026-06-21T08:00:00,58.9,2.68,12.4,83.5,0
FDR-006,2026-06-22T08:00:00,62.9,3.11,16.8,81.8,0
FDR-006,2026-06-23T08:00:00,60.1,2.51,8.1,78.5,0
FDR-006,2026-06-24T08:00:00,61.5,3.1,15.3,80.3,0
FDR-006,2026-06-25T08:00:00,56.5,2.05,14.9,85.4,0
FDR-006,2026-06-26T08:00:00,55.5,2.25,11.7,82.3,0
FDR-006,2026-06-27T08:00:00,54.6,2.83,14.8,85.3,0
FDR-006,2026-06-28T08:00:00,59.2,2.76,11.5,81.9,0
FDR-006,2026-06-29T08:00:00,58.3,2.7,16.8,82.1,0
FDR-006,2026-06-30T08:00:00,53.9,1.61,12.3,83.9,0
FDR-006,2026-07-01T08:00:00,59.8,3.02,16.7,82.3,0
FDR-006,2026-07-02T08:00:00,57.5,1.88,16.2,80.6,0
FDR-006,2026-07-03T08:00:00,55.6,2.17,15.5,83.7,0
FDR-006,2026-07-04T08:00:00,59.8,2.18,16.4,81.7,0
FDR-006,2026-07-05T08:00:00,51.4,2.94,13.7,83.1,0
FDR-006,2026-07-06T08:00:00,55.0,2.88,19.4,82.4,0
FDR-006,2026-07-07T08:00:00,59.0,2.31,14.7,79.7,0
FDR-006,2026-07-08T08:00:00,60.6,3.04,14.2,82.0,0
FDR-006,2026-07-09T08:00:00,55.4,2.04,14.1,79.5,0
FDR-006,2026-07-10T08:00:00,51.6,2.69,12.7,81.8,0
FDR-006,2026-07-11T08:00:00,49.4,2.6,13.6,80.6,0
FDR-006,2026-07-12T08:00:00,60.0,2.52,16.6,82.0,0
FDR-006,2026-07-13T08:00:00,58.9,2.25,15.7,81.4,0
FDR-006,2026-07-14T08:00:00,59.5,2.34,17.9,82.9,0
FDR-006,2026-07-15T08:00:00,55.7,2.86,14.5,80.6,0
FDR-006,2026-07-16T08:00:00,55.0,2.14,16.6,81.5,0
FDR-006,2026-07-17T08:00:00,56.5,2.91,18.3,82.1,0
FDR-006,2026-07-18T08:00:00,51.6,2.76,9.8,80.1,0
FDR-006,2026-07-19T08:00:00,56.9,3.18,8.2,78.8,0
FDR-006,2026-07-20T08:00:00,55.3,2.84,10.8,80.3,0
FDR-006,2026-07-21T08:00:00,61.1,2.92,13.9,83.9,0
FDR-006,2026-07-22T08:00:00,57.7,2.21,13.5,80.6,0
FDR-006,2026-07-23T08:00:00,54.2,2.75,18.7,79.0,0
FDR-006,2026-07-24T08:00:00,59.4,2.15,15.5,82.5,0
FDR-006,2026-07-25T08:00:00,60.5,2.56,16.4,85.1,0
FDR-006,2026-07-26T08:00:00,62.3,2.99,17.9,82.9,0
FDR-006,2026-07-27T08:00:00,62.3,2.86,13.7,82.1,0
FDR-006,2026-07-28T08:00:00,58.6,2.01,14.0,85.3,0
FDR-006,2026-07-29T08:00:00,54.0,2.77,16.6,83.8,0
FDR-006,2026-07-30T08:00:00,55.1,2.26,15.8,80.6,0
FDR-006,2026-07-31T08:00:00,62.1,2.64,18.2,79.9,0
FDR-006,2026-08-01T08:00:00,59.2,3.56,15.5,79.6,0
FDR-006,2026-08-02T08:00:00,60.8,2.38,11.8,79.6,0
FDR-006,2026-08-03T08:00:00,53.9,2.78,13.1,80.2,0
FDR-006,2026-08-04T08:00:00,56.3,2.74,18.4,84.4,0
FDR-006,2026-08-05T08:00:00,56.4,2.97,13.3,85.3,0
FDR-006,2026-08-06T08:00:00,59.3,2.67,10.9,83.8,0
FDR-006,2026-08-07T08:00:00,56.0,2.32,13.2,80.7,0
FDR-006,2026-08-08T08:00:00,58.9,2.74,15.8,85.6,0
FDR-006,2026-08-09T08:00:00,53.7,2.68,11.7,83.0,0
FDR-006,2026-08-10T08:00:00,59.1,2.62,17.2,83.1,0
FDR-006,2026-08-11T08:00:00,58.9,2.01,18.3,85.4,0
FDR-006,2026-08-12T08:00:00,60.8,2.46,21.6,82.4,0
FDR-006,2026-08-13T08:00:00,60.9,2.84,20.0,78.7,0
FDR-006,2026-08-14T08:00:00,55.0,2.78,15.0,81.2,0
FDR-006,2026-08-15T08:00:00,61.9,2.34,16.6,82.6,0
FDR-006,2026-08-16T08:00:00,56.7,1.64,10.1,81.4,0
FDR-006,2026-08-17T08:00:00,64.0,2.28,15.6,86.0,0
FDR-006,2026-08-18T08:00:00,57.5,2.77,16.6,80.2,0
FDR-006,2026-08-19T08:00:00,54.8,2.37,15.7,80.4,0
FDR-006,2026-08-20T08:00:00,55.9,2.67,19.3,86.6,0
FDR-006,2026-08-21T08:00:00,55.3,2.68,12.7,80.7,0
FDR-006,2026-08-22T08:00:00,52.3,3.26,14.4,83.8,0
FDR-006,2026-08-23T08:00:00,54.3,1.63,20.8,78.7,0
FDR-006,2026-08-24T08:00:00,54.3,3.05,16.0,81.5,0
FDR-006,2026-08-25T08:00:00,61.4,2.45,18.1,79.4,0
FDR-006,2026-08-26T08:00:00,61.7,2.35,16.2,80.5,0
FDR-006,2026-08-27T08:00:00,55.0,2.46,18.4,81.4,0
FDR-006,2026-08-28T08:00:00,58.0,2.38,19.7,79.0,0
FDR-006,2026-08-29T08:00:00,52.4,3.13,9.2,85.3,0
FDR-006,2026-08-30T08:00:00,57.4,2.74,16.7,80.6,0
FDR-006,2026-08-31T08:00:00,59.0,3.38,19.3,80.5,0
FDR-006,2026-09-01T08:00:00,61.1,2.1,15.0,82.2,0
FDR-006,2026-09-02T08:00:00,61.1,2.01,18.8,81.1,0
FDR-006,2026-09-03T08:00:00,52.5,2.97,14.4,77.9,0
FDR-006,2026-09-04T08:00:00,59.8,1.89,14.6,79.6,0
FDR-006,2026-09-05T08:00:00,55.0,3.0,17.6,78.9,0
FDR-006,2026-09-06T08:00:00,56.7,2.6,19.8,82.8,0
FDR-006,2026-09-07T08:00:00,53.8,2.05,17.7,83.4,0
FDR-006,2026-09-08T08:00:00,55.6,2.32,17.2,82.5,0
FDR-006,2026-09-09T08:00:00,49.5,2.46,18.2,78.9,0
FDR-006,2026-09-10T08:00:00,60.0,2.07,16.4,80.2,0
FDR-006,2026-09-11T08:00:00,52.6,2.66,15.4,84.9,0
FDR-006,2026-09-12T08:00:00,59.9,1.93,16.7,83.9,0
FDR-007,2026-06-15T08:00:00,55.1,2.92,24.8,87.7,0
FDR-007,2026-06-16T08:00:00,53.7,3.14,22.8,87.8,0
FDR-007,2026-06-17T08:00:00,47.9,1.55,20.9,88.9,0
FDR-007,2026-06-18T08:00:00,52.0,1.94,16.4,90.3,0
FDR-007,2026-06-19T08:00:00,52.4,2.35,14.0,92.7,0
FDR-007,2026-06-20T08:00:00,56.1,2.6,12.7,90.9,0
FDR-007,2026-06-21T08:00:00,48.2,2.35,22.4,91.3,0
FDR-007,2026-06-22T08:00:00,54.7,2.92,19.4,87.5,0
FDR-007,2026-06-23T08:00:00,50.9,2.18,21.5,87.0,0
FDR-007,2026-06-24T08:00:00,55.0,2.17,17.6,87.2,0
FDR-007,2026-06-25T08:00:00,51.1,2.3,18.3,90.6,0
FDR-007,2026-06-26T08:00:00,47.7,1.59,15.8,91.3,0
FDR-007,2026-06-27T08:00:00,52.1,2.19,20.7,90.4,0
FDR-007,2026-06-28T08:00:00,50.9,1.6,17.9,86.1,0
FDR-007,2026-06-29T08:00:00,52.3,1.87,19.8,89.5,0
FDR-007,2026-06-30T08:00:00,51.4,2.43,27.4,85.4,0
FDR-007,2026-07-01T08:00:00,59.8,1.79,14.9,87.2,0
FDR-007,2026-07-02T08:00:00,54.7,2.26,17.1,87.9,0
FDR-007,2026-07-03T08:00:00,50.2,2.41,22.7,88.6,0
FDR-007,2026-07-04T08:00:00,50.5,2.02,12.0,89.0,0
FDR-007,2026-07-05T08:00:00,53.7,2.03,17.4,91.4,0
FDR-007,2026-07-06T08:00:00,53.5,2.33,20.4,89.4,0
FDR-007,2026-07-07T08:00:00,56.5,1.63,18.8,84.5,0
FDR-007,2026-07-08T08:00:00,51.3,2.98,15.1,86.9,0
FDR-007,2026-07-09T08:00:00,52.3,2.52,21.0,88.0,0
FDR-007,2026-07-10T08:00:00,57.6,2.15,22.3,92.3,0
FDR-007,2026-07-11T08:00:00,49.6,1.58,20.5,89.5,0
FDR-007,2026-07-12T08:00:00,52.6,2.28,18.6,92.2,0
FDR-007,2026-07-13T08:00:00,43.5,2.68,19.7,88.9,0
FDR-007,2026-07-14T08:00:00,49.6,2.67,15.5,89.3,0
FDR-007,2026-07-15T08:00:00,55.9,1.51,19.9,89.7,0
FDR-007,2026-07-16T08:00:00,53.8,1.99,20.7,91.2,0
FDR-007,2026-07-17T08:00:00,51.6,3.01,15.5,87.8,0
FDR-007,2026-07-18T08:00:00,56.1,2.09,16.1,88.2,0
FDR-007,2026-07-19T08:00:00,57.1,2.49,16.2,85.4,0
FDR-007,2026-07-20T08:00:00,57.0,2.27,17.7,87.3,0
FDR-007,2026-07-21T08:00:00,46.3,1.65,19.8,88.1,0
FDR-007,2026-07-22T08:00:00,57.5,2.54,17.2,87.3,0
FDR-007,2026-07-23T08:00:00,56.4,2.03,26.9,89.3,0
FDR-007,2026-07-24T08:00:00,48.4,1.36,16.7,92.0,0
FDR-007,2026-07-25T08:00:00,51.8,1.18,17.1,88.5,0
FDR-007,2026-07-26T08:00:00,56.6,2.35,18.5,89.7,0
FDR-007,2026-07-27T08:00:00,59.2,2.6,16.7,90.5,0
FDR-007,2026-07-28T08:00:00,55.9,3.11,19.8,88.5,0
FDR-007,2026-07-29T08:00:00,53.6,1.98,19.4,87.5,0
FDR-007,2026-07-30T08:00:00,52.6,1.59,21.5,90.7,0
FDR-007,2026-07-31T08:00:00,47.6,2.47,17.3,91.9,0
FDR-007,2026-08-01T08:00:00,55.5,2.61,20.7,87.0,0
FDR-007,2026-08-02T08:00:00,46.3,2.23,15.1,89.5,0
FDR-007,2026-08-03T08:00:00,48.1,2.49,20.5,86.5,0
FDR-007,2026-08-04T08:00:00,49.6,2.34,21.6,89.6,0
FDR-007,2026-08-05T08:00:00,50.4,2.24,18.3,88.0,0
FDR-007,2026-08-06T08:00:00,48.3,2.19,16.5,88.9,0
FDR-007,2026-08-07T08:00:00,46.5,2.51,17.2,89.3,0
FDR-007,2026-08-08T08:00:00,57.0,2.8,20.9,87.1,0
FDR-007,2026-08-09T08:00:00,52.3,2.3,19.7,89.4,0
FDR-007,2026-08-10T08:00:00,55.0,2.44,22.6,90.8,0
FDR-007,2026-08-11T08:00:00,50.4,2.05,18.9,89.9,0
FDR-007,2026-08-12T08:00:00,51.0,2.17,17.9,88.0,0
FDR-007,2026-08-13T08:00:00,53.8,2.54,24.3,91.2,0
FDR-007,2026-08-14T08:00:00,51.3,2.68,14.6,89.9,0
FDR-007,2026-08-15T08:00:00,50.8,1.95,24.9,88.3,0
FDR-007,2026-08-16T08:00:00,53.3,2.41,18.9,86.4,0
FDR-007,2026-08-17T08:00:00,53.5,2.04,18.6,89.1,0
FDR-007,2026-08-18T08:00:00,53.9,2.34,14.4,89.5,0
FDR-007,2026-08-19T08:00:00,57.8,1.41,16.2,87.7,0
FDR-007,2026-08-20T08:00:00,46.6,1.44,16.1,91.4,0
FDR-007,2026-08-21T08:00:00,51.4,1.8,18.4,90.1,0
FDR-007,2026-08-22T08:00:00,54.0,2.19,26.9,89.6,0
FDR-007,2026-08-23T08:00:00,53.8,1.96,16.3,86.8,0
FDR-007,2026-08-24T08:00:00,48.7,2.4,19.4,87.8,0
FDR-007,2026-08-25T08:00:00,51.5,2.6,18.3,89.2,0
FDR-007,2026-08-26T08:00:00,53.4,2.37,16.7,84.2,0
FDR-007,2026-08-27T08:00:00,46.7,2.32,17.2,88.4,0
FDR-007,2026-08-28T08:00:00,47.4,1.85,19.3,89.2,0
FDR-007,2026-08-29T08:00:00,49.3,1.71,24.7,88.6,0
FDR-007,2026-08-30T08:00:00,52.2,1.64,16.6,88.6,0
FDR-007,2026-08-31T08:00:00,49.1,2.21,15.5,87.6,0
FDR-007,2026-09-01T08:00:00,50.1,1.51,14.2,89.3,0
FDR-007,2026-09-02T08:00:00,49.4,2.1,18.5,89.8,0
FDR-007,2026-09-03T08:00:00,55.0,1.92,15.5,89.5,0
FDR-007,2026-09-04T08:00:00,55.1,2.04,18.7,88.7,0
FDR-007,2026-09-05T08:00:00,52.1,2.43,17.7,90.3,0
FDR-007,2026-09-06T08:00:00,53.8,3.04,16.8,91.4,0
FDR-007,2026-09-07T08:00:00,54.9,1.69,20.6,90.3,0
FDR-007,2026-09-08T08:00:00,50.7,1.19,21.2,86.5,0
FDR-007,2026-09-09T08:00:00,52.0,1.47,20.7,85.4,0
FDR-007,2026-09-10T08:00:00,50.8,1.95,18.9,86.1,0
FDR-007,2026-09-11T08:00:00,53.9,2.37,17.8,88.5,0
FDR-007,2026-09-12T08:00:00,44.3,2.82,18.3,90.4,0
FDR-008,2026-06-15T08:00:00,55.9,2.35,17.8,88.1,0
FDR-008,2026-06-16T08:00:00,58.4,2.96,16.3,89.1,0
FDR-008,2026-06-17T08:00:00,58.3,2.5,14.6,88.7,0
FDR-008,2026-06-18T08:00:00,55.7,2.64,14.2,91.0,0
FDR-008,2026-06-19T08:00:00,61.3,2.57,15.5,90.5,0
FDR-008,2026-06-20T08:00:00,54.0,1.88,13.4,86.6,0
FDR-008,2026-06-21T08:00:00,58.3,2.14,10.1,90.4,0
FDR-008,2026-06-22T08:00:00,56.5,2.45,11.7,87.1,0
FDR-008,2026-06-23T08:00:00,60.7,2.09,17.1,89.6,0
FDR-008,2026-06-24T08:00:00,51.2,1.74,17.2,88.8,0
FDR-008,2026-06-25T08:00:00,54.5,2.75,10.8,89.3,0
FDR-008,2026-06-26T08:00:00,58.9,2.67,14.9,90.3,0
FDR-008,2026-06-27T08:00:00,57.2,1.98,11.3,91.1,0
FDR-008,2026-06-28T08:00:00,55.5,3.06,13.8,91.4,0
FDR-008,2026-06-29T08:00:00,57.9,2.53,15.8,87.5,0
FDR-008,2026-06-30T08:00:00,54.5,2.13,15.8,87.3,0
FDR-008,2026-07-01T08:00:00,56.1,3.04,13.1,90.4,0
FDR-008,2026-07-02T08:00:00,49.7,2.53,16.5,87.6,0
FDR-008,2026-07-03T08:00:00,57.0,2.37,21.1,89.6,0
FDR-008,2026-07-04T08:00:00,56.6,2.27,12.3,94.6,0
FDR-008,2026-07-05T08:00:00,55.9,2.45,16.0,86.4,0
FDR-008,2026-07-06T08:00:00,51.3,1.66,19.7,90.4,0
FDR-008,2026-07-07T08:00:00,54.4,1.76,13.2,89.2,0
FDR-008,2026-07-08T08:00:00,51.7,2.68,13.3,88.8,0
FDR-008,2026-07-09T08:00:00,55.1,1.46,18.1,89.5,0
FDR-008,2026-07-10T08:00:00,48.7,2.18,14.7,87.3,0
FDR-008,2026-07-11T08:00:00,56.4,2.81,16.7,86.6,0
FDR-008,2026-07-12T08:00:00,53.3,1.54,16.3,87.4,0
FDR-008,2026-07-13T08:00:00,56.2,2.65,18.3,89.8,0
FDR-008,2026-07-14T08:00:00,54.6,1.68,22.2,93.8,0
FDR-008,2026-07-15T08:00:00,55.1,2.5,12.2,88.6,0
FDR-008,2026-07-16T08:00:00,55.4,2.1,21.0,90.0,0
FDR-008,2026-07-17T08:00:00,53.5,2.17,16.4,86.2,0
FDR-008,2026-07-18T08:00:00,56.8,2.32,18.4,90.1,0
FDR-008,2026-07-19T08:00:00,53.4,2.06,19.9,90.2,0
FDR-008,2026-07-20T08:00:00,57.2,2.57,15.4,87.2,0
FDR-008,2026-07-21T08:00:00,60.8,2.25,19.6,89.2,0
FDR-008,2026-07-22T08:00:00,58.7,1.99,11.7,88.8,0
FDR-008,2026-07-23T08:00:00,53.9,2.6,16.7,86.3,0
FDR-008,2026-07-24T08:00:00,53.1,1.77,13.5,89.2,0
FDR-008,2026-07-25T08:00:00,53.5,2.8,17.0,87.7,0
FDR-008,2026-07-26T08:00:00,59.2,2.7,16.3,88.6,0
FDR-008,2026-07-27T08:00:00,61.2,2.65,12.5,89.7,0
FDR-008,2026-07-28T08:00:00,52.9,2.69,12.6,88.1,0
FDR-008,2026-07-29T08:00:00,53.5,2.52,12.5,89.4,0
FDR-008,2026-07-30T08:00:00,48.9,2.67,7.6,89.7,0
FDR-008,2026-07-31T08:00:00,56.1,2.13,19.0,91.6,0
FDR-008,2026-08-01T08:00:00,58.6,2.79,16.7,88.6,0
FDR-008,2026-08-02T08:00:00,56.2,2.77,15.5,84.6,0
FDR-008,2026-08-03T08:00:00,50.3,3.05,13.2,88.2,0
FDR-008,2026-08-04T08:00:00,58.2,2.69,17.4,89.7,0
FDR-008,2026-08-05T08:00:00,49.0,3.22,14.6,91.6,0
FDR-008,2026-08-06T08:00:00,55.8,2.12,14.9,89.0,0
FDR-008,2026-08-07T08:00:00,60.3,1.81,16.9,93.0,0
FDR-008,2026-08-08T08:00:00,53.8,2.35,12.2,92.7,0
FDR-008,2026-08-09T08:00:00,52.0,2.59,9.8,87.7,0
FDR-008,2026-08-10T08:00:00,56.0,1.89,14.9,86.7,0
FDR-008,2026-08-11T08:00:00,55.6,1.86,12.5,89.9,0
FDR-008,2026-08-12T08:00:00,49.7,2.58,13.2,92.6,0
FDR-008,2026-08-13T08:00:00,53.8,1.98,16.0,91.4,0
FDR-008,2026-08-14T08:00:00,48.1,2.08,19.5,87.3,0
FDR-008,2026-08-15T08:00:00,51.7,1.7,14.7,86.9,0
FDR-008,2026-08-16T08:00:00,56.7,1.73,14.3,89.0,0
FDR-008,2026-08-17T08:00:00,53.5,2.24,12.8,87.6,0
FDR-008,2026-08-18T08:00:00,59.1,2.5,17.0,91.5,0
FDR-008,2026-08-19T08:00:00,56.6,2.21,17.4,88.9,0
FDR-008,2026-08-20T08:00:00,60.6,2.42,15.8,92.5,0
FDR-008,2026-08-21T08:00:00,57.8,2.05,17.1,86.8,0
FDR-008,2026-08-22T08:00:00,54.6,2.4,16.1,89.0,0
FDR-008,2026-08-23T08:00:00,52.5,2.49,17.4,88.0,0
FDR-008,2026-08-24T08:00:00,55.3,2.53,17.2,90.1,0
FDR-008,2026-08-25T08:00:00,56.8,2.57,17.9,90.3,0
FDR-008,2026-08-26T08:00:00,53.8,2.47,13.7,88.2,0
FDR-008,2026-08-27T08:00:00,56.4,2.36,13.7,90.5,0
FDR-008,2026-08-28T08:00:00,53.1,2.52,11.7,92.0,0
FDR-008,2026-08-29T08:00:00,56.8,2.52,15.7,86.7,0
FDR-008,2026-08-30T08:00:00,50.4,2.36,14.6,90.0,0
FDR-008,2026-08-31T08:00:00,58.5,2.5,12.8,90.6,0
FDR-008,2026-09-01T08:00:00,53.5,2.49,17.5,88.3,0
FDR-008,2026-09-02T08:00:00,59.8,2.2,15.8,91.9,0
FDR-008,2026-09-03T08:00:00,55.9,2.0,14.6,89.8,0
FDR-008,2026-09-04T08:00:00,54.0,2.13,18.5,89.0,0
FDR-008,2026-09-05T08:00:00,60.6,2.27,12.6,88.9,0
FDR-008,2026-09-06T08:00:00,58.2,2.1,19.0,89.4,0
FDR-008,2026-09-07T08:00:00,56.6,2.04,15.8,89.4,0
FDR-008,2026-09-08T08:00:00,58.5,2.15,11.0,87.2,0
FDR-008,2026-09-09T08:00:00,53.3,2.59,13.0,87.4,0
FDR-008,2026-09-10T08:00:00,54.5,2.32,15.4,86.8,0
FDR-008,2026-09-11T08:00:00,54.4,2.71,16.9,90.1,0
FDR-008,2026-09-12T08:00:00,53.1,2.22,11.9,90.5,0
FDR-009,2026-06-15T08:00:00,53.9,2.02,15.9,84.1,0
FDR-009,2026-06-16T08:00:00,51.0,2.78,14.9,86.3,0
FDR-009,2026-06-17T08:00:00,54.1,2.07,13.2,86.5,0
FDR-009,2026-06-18T08:00:00,55.9,2.17,17.0,85.7,0
FDR-009,2026-06-19T08:00:00,45.0,2.24,15.6,84.0,0
FDR-009,2026-06-20T08:00:00,55.1,1.73,17.4,83.3,0
FDR-009,2026-06-21T08:00:00,52.4,1.55,17.7,86.1,0
FDR-009,2026-06-22T08:00:00,53.6,1.59,15.8,84.2,0
FDR-009,2026-06-23T08:00:00,53.5,1.42,15.9,86.8,0
FDR-009,2026-06-24T08:00:00,51.9,1.5,20.4,85.9,0
FDR-009,2026-06-25T08:00:00,54.3,1.94,17.2,86.2,0
FDR-009,2026-06-26T08:00:00,50.0,3.0,16.3,86.5,0
FDR-009,2026-06-27T08:00:00,49.4,1.89,16.6,84.4,0
FDR-009,2026-06-28T08:00:00,48.5,2.13,15.8,90.1,0
FDR-009,2026-06-29T08:00:00,50.8,1.85,18.9,89.3,0
FDR-009,2026-06-30T08:00:00,46.5,2.6,13.9,84.8,0
FDR-009,2026-07-01T08:00:00,47.2,1.92,12.9,84.6,0
FDR-009,2026-07-02T08:00:00,50.3,2.05,17.8,86.3,0
FDR-009,2026-07-03T08:00:00,51.1,2.63,17.6,88.2,0
FDR-009,2026-07-04T08:00:00,51.7,1.86,13.0,80.2,0
FDR-009,2026-07-05T08:00:00,50.1,1.65,17.0,88.4,0
FDR-009,2026-07-06T08:00:00,44.6,2.38,12.5,82.1,0
FDR-009,2026-07-07T08:00:00,58.1,2.41,8.2,88.5,0
FDR-009,2026-07-08T08:00:00,50.7,2.71,14.3,86.2,0
FDR-009,2026-07-09T08:00:00,51.7,1.28,17.5,87.4,0
FDR-009,2026-07-10T08:00:00,48.5,2.32,19.1,85.9,0
FDR-009,2026-07-11T08:00:00,54.8,2.37,21.9,86.3,0
FDR-009,2026-07-12T08:00:00,54.5,2.05,19.1,86.5,0
FDR-009,2026-07-13T08:00:00,52.7,2.41,16.1,85.2,0
FDR-009,2026-07-14T08:00:00,45.9,2.2,13.6,84.3,0
FDR-009,2026-07-15T08:00:00,50.2,2.37,18.8,86.7,0
FDR-009,2026-07-16T08:00:00,50.8,2.22,14.4,88.9,0
FDR-009,2026-07-17T08:00:00,56.2,1.87,13.4,83.5,0
FDR-009,2026-07-18T08:00:00,48.6,1.74,18.0,86.2,0
FDR-009,2026-07-19T08:00:00,53.9,2.18,17.7,85.2,0
FDR-009,2026-07-20T08:00:00,56.0,2.76,14.7,86.4,0
FDR-009,2026-07-21T08:00:00,50.6,2.01,15.4,83.5,0
FDR-009,2026-07-22T08:00:00,50.5,2.49,21.2,87.7,0
FDR-009,2026-07-23T08:00:00,51.8,2.65,16.8,85.6,0
FDR-009,2026-07-24T08:00:00,47.4,2.59,20.1,83.9,0
FDR-009,2026-07-25T08:00:00,47.6,2.91,17.8,83.7,0
FDR-009,2026-07-26T08:00:00,50.4,2.34,20.3,87.4,0
FDR-009,2026-07-27T08:00:00,56.2,2.4,18.4,88.3,0
FDR-009,2026-07-28T08:00:00,49.9,1.88,12.8,87.3,0
FDR-009,2026-07-29T08:00:00,49.2,2.21,17.4,85.1,0
FDR-009,2026-07-30T08:00:00,50.1,2.51,21.9,85.0,0
FDR-009,2026-07-31T08:00:00,49.0,2.88,17.4,84.7,0
FDR-009,2026-08-01T08:00:00,50.4,2.45,16.8,86.0,0
FDR-009,2026-08-02T08:00:00,47.5,1.8,20.4,86.7,0
FDR-009,2026-08-03T08:00:00,54.4,1.43,15.3,86.4,0
FDR-009,2026-08-04T08:00:00,53.4,2.94,17.7,84.0,0
FDR-009,2026-08-05T08:00:00,49.1,1.58,21.1,85.5,0
FDR-009,2026-08-06T08:00:00,49.4,2.57,21.1,85.2,0
FDR-009,2026-08-07T08:00:00,49.8,2.23,12.0,86.8,0
FDR-009,2026-08-08T08:00:00,53.4,2.19,19.2,85.8,0
FDR-009,2026-08-09T08:00:00,51.9,2.67,17.4,89.1,0
FDR-009,2026-08-10T08:00:00,53.9,2.01,17.0,84.5,0
FDR-009,2026-08-11T08:00:00,55.0,3.22,16.3,86.4,0
FDR-009,2026-08-12T08:00:00,52.8,2.15,16.6,87.1,0
FDR-009,2026-08-13T08:00:00,47.0,1.76,17.8,85.9,0
FDR-009,2026-08-14T08:00:00,51.9,2.35,20.7,83.7,0
FDR-009,2026-08-15T08:00:00,49.3,2.54,17.4,86.2,0
FDR-009,2026-08-16T08:00:00,55.0,1.38,21.6,86.2,0
FDR-009,2026-08-17T08:00:00,47.5,2.6,22.5,88.8,0
FDR-009,2026-08-18T08:00:00,50.6,2.39,18.7,83.1,0
FDR-009,2026-08-19T08:00:00,59.0,1.71,23.3,85.8,0
FDR-009,2026-08-20T08:00:00,52.1,2.01,21.3,89.4,0
FDR-009,2026-08-21T08:00:00,51.9,1.86,15.0,87.2,0
FDR-009,2026-08-22T08:00:00,44.7,1.47,17.1,86.4,0
FDR-009,2026-08-23T08:00:00,49.9,1.94,11.9,85.0,0
FDR-009,2026-08-24T08:00:00,50.9,2.23,18.8,81.9,0
FDR-009,2026-08-25T08:00:00,56.0,1.27,18.6,84.9,0
FDR-009,2026-08-26T08:00:00,54.3,2.33,16.5,85.2,0
FDR-009,2026-08-27T08:00:00,46.4,2.08,14.9,83.9,0
FDR-009,2026-08-28T08:00:00,48.0,2.12,15.8,87.6,0
FDR-009,2026-08-29T08:00:00,49.7,1.52,14.7,85.9,0
FDR-009,2026-08-30T08:00:00,45.9,2.64,16.4,85.5,0
FDR-009,2026-08-31T08:00:00,51.7,2.38,19.0,84.3,0
FDR-009,2026-09-01T08:00:00,49.2,2.9,10.8,83.8,0
FDR-009,2026-09-02T08:00:00,48.7,2.47,17.9,86.4,0
FDR-009,2026-09-03T08:00:00,48.7,2.24,14.2,84.7,0
FDR-009,2026-09-04T08:00:00,49.1,1.82,14.1,86.2,0
FDR-009,2026-09-05T08:00:00,52.2,1.78,15.7,86.7,0
FDR-009,2026-09-06T08:00:00,51.8,2.69,16.3,86.5,0
FDR-009,2026-09-07T08:00:00,53.3,1.71,13.8,83.1,0
FDR-009,2026-09-08T08:00:00,52.6,2.03,17.8,86.1,0
FDR-009,2026-09-09T08:00:00,52.0,2.36,15.9,87.3,0
FDR-009,2026-09-10T08:00:00,53.2,1.56,16.4,88.9,0
FDR-009,2026-09-11T08:00:00,62.1,2.09,17.2,82.5,0
FDR-009,2026-09-12T08:00:00,51.7,2.08,15.4,89.4,0
FDR-010,2026-06-15T08:00:00,51.8,2.16,11.2,87.1,0
FDR-010,2026-06-16T08:00:00,49.3,2.18,9.4,85.4,0
FDR-010,2026-06-17T08:00:00,53.0,2.88,15.2,88.9,0
FDR-010,2026-06-18T08:00:00,47.6,2.63,15.6,82.3,0
FDR-010,2026-06-19T08:00:00,50.6,2.12,15.1,84.0,0
FDR-010,2026-06-20T08:00:00,53.2,3.19,13.8,84.3,0
FDR-010,2026-06-21T08:00:00,47.6,2.71,11.7,87.5,0
FDR-010,2026-06-22T08:00:00,56.2,3.25,19.9,85.8,0
FDR-010,2026-06-23T08:00:00,52.6,2.24,10.5,87.1,0
FDR-010,2026-06-24T08:00:00,46.9,2.95,11.9,85.2,0
FDR-010,2026-06-25T08:00:00,56.4,2.66,16.0,85.1,0
FDR-010,2026-06-26T08:00:00,53.8,2.45,11.7,83.6,0
FDR-010,2026-06-27T08:00:00,46.5,2.05,16.5,85.5,0
FDR-010,2026-06-28T08:00:00,48.3,2.87,15.0,86.5,0
FDR-010,2026-06-29T08:00:00,48.2,2.37,15.5,85.1,0
FDR-010,2026-06-30T08:00:00,54.2,2.86,19.0,86.2,0
FDR-010,2026-07-01T08:00:00,49.3,2.57,21.4,87.8,0
FDR-010,2026-07-02T08:00:00,50.8,2.84,13.8,85.0,0
FDR-010,2026-07-03T08:00:00,54.6,2.73,17.3,89.1,0
FDR-010,2026-07-04T08:00:00,49.7,2.68,17.3,87.2,0
FDR-010,2026-07-05T08:00:00,50.1,2.58,20.2,84.5,0
FDR-010,2026-07-06T08:00:00,52.6,2.75,10.2,86.9,0
FDR-010,2026-07-07T08:00:00,47.2,2.64,18.2,84.6,0
FDR-010,2026-07-08T08:00:00,46.7,2.55,14.4,85.9,0
FDR-010,2026-07-09T08:00:00,51.9,2.67,10.1,87.8,0
FDR-010,2026-07-10T08:00:00,44.7,2.41,16.9,84.1,0
FDR-010,2026-07-11T08:00:00,46.9,2.25,13.0,89.6,0
FDR-010,2026-07-12T08:00:00,46.7,2.72,13.9,84.0,0
FDR-010,2026-07-13T08:00:00,47.1,2.08,15.5,87.0,0
FDR-010,2026-07-14T08:00:00,55.2,2.17,8.1,86.8,0
FDR-010,2026-07-15T08:00:00,52.8,3.03,8.8,88.6,0
FDR-010,2026-07-16T08:00:00,51.6,3.36,13.8,88.4,0
FDR-010,2026-07-17T08:00:00,49.5,3.42,12.9,82.6,0
FDR-010,2026-07-18T08:00:00,51.9,3.01,18.3,85.5,0
FDR-010,2026-07-19T08:00:00,52.4,2.55,18.5,87.7,0
FDR-010,2026-07-20T08:00:00,49.7,2.94,14.4,88.0,0
FDR-010,2026-07-21T08:00:00,50.1,2.59,12.8,82.5,0
FDR-010,2026-07-22T08:00:00,47.6,3.01,16.3,84.0,0
FDR-010,2026-07-23T08:00:00,52.7,2.57,16.8,84.7,0
FDR-010,2026-07-24T08:00:00,51.2,2.09,17.9,86.7,0
FDR-010,2026-07-25T08:00:00,51.6,3.53,18.0,88.5,0
FDR-010,2026-07-26T08:00:00,52.2,2.35,15.8,85.7,0
FDR-010,2026-07-27T08:00:00,50.2,3.03,13.5,86.1,0
FDR-010,2026-07-28T08:00:00,51.6,1.96,16.1,87.2,0
FDR-010,2026-07-29T08:00:00,51.4,2.66,13.5,84.4,0
FDR-010,2026-07-30T08:00:00,49.3,1.84,16.1,83.0,0
FDR-010,2026-07-31T08:00:00,49.9,1.72,12.5,86.7,0
FDR-010,2026-08-01T08:00:00,51.5,2.57,15.2,82.2,0
FDR-010,2026-08-02T08:00:00,53.8,2.39,14.6,86.5,0
FDR-010,2026-08-03T08:00:00,43.3,3.12,13.4,86.7,0
FDR-010,2026-08-04T08:00:00,50.2,2.31,18.4,83.2,0
FDR-010,2026-08-05T08:00:00,52.1,2.34,16.0,87.4,0
FDR-010,2026-08-06T08:00:00,53.3,2.78,12.7,85.1,0
FDR-010,2026-08-07T08:00:00,52.2,3.04,15.9,85.2,0
FDR-010,2026-08-08T08:00:00,51.9,2.92,15.9,87.4,0
FDR-010,2026-08-09T08:00:00,50.0,2.92,13.4,85.8,0
FDR-010,2026-08-10T08:00:00,52.9,2.02,13.7,86.2,0
FDR-010,2026-08-11T08:00:00,51.7,2.89,7.5,82.3,0
FDR-010,2026-08-12T08:00:00,54.2,2.85,20.3,85.4,0
FDR-010,2026-08-13T08:00:00,54.8,3.45,7.6,82.3,0
FDR-010,2026-08-14T08:00:00,49.7,1.99,19.0,85.1,0
FDR-010,2026-08-15T08:00:00,49.1,3.05,16.4,84.5,0
FDR-010,2026-08-16T08:00:00,53.3,2.19,12.4,88.0,0
FDR-010,2026-08-17T08:00:00,48.7,2.36,13.1,84.5,0
FDR-010,2026-08-18T08:00:00,43.6,1.93,14.9,88.4,0
FDR-010,2026-08-19T08:00:00,53.3,2.35,14.1,82.3,0
FDR-010,2026-08-20T08:00:00,50.4,2.46,12.7,86.8,0
FDR-010,2026-08-21T08:00:00,52.4,2.78,21.1,86.7,0
FDR-010,2026-08-22T08:00:00,45.3,2.0,14.3,83.8,0
FDR-010,2026-08-23T08:00:00,50.5,3.12,14.7,83.2,0
FDR-010,2026-08-24T08:00:00,55.5,2.47,14.3,86.1,0
FDR-010,2026-08-25T08:00:00,52.8,2.26,14.6,88.1,0
FDR-010,2026-08-26T08:00:00,54.9,2.23,14.5,88.7,0
FDR-010,2026-08-27T08:00:00,50.4,2.02,12.5,86.8,0
FDR-010,2026-08-28T08:00:00,50.9,2.57,15.2,85.1,0
FDR-010,2026-08-29T08:00:00,52.7,3.09,15.7,86.7,0
FDR-010,2026-08-30T08:00:00,54.6,2.85,17.9,81.6,0
FDR-010,2026-08-31T08:00:00,51.3,2.72,14.1,83.9,0
FDR-010,2026-09-01T08:00:00,50.8,2.26,15.5,87.0,0
FDR-010,2026-09-02T08:00:00,50.5,2.98,12.9,84.4,0
FDR-010,2026-09-03T08:00:00,51.5,2.4,17.4,85.3,0
FDR-010,2026-09-04T08:00:00,52.8,2.93,9.6,85.5,0
FDR-010,2026-09-05T08:00:00,51.6,1.82,14.6,85.2,0
FDR-010,2026-09-06T08:00:00,46.9,3.09,14.8,81.1,0
FDR-010,2026-09-07T08:00:00,49.8,2.43,14.1,84.1,0
FDR-010,2026-09-08T08:00:00,48.0,2.65,11.6,87.6,0
FDR-010,2026-09-09T08:00:00,52.7,2.65,12.8,85.8,0
FDR-010,2026-09-10T08:00:00,51.4,2.61,9.6,85.6,0
FDR-010,2026-09-11T08:00:00,44.4,2.6,21.9,83.7,0
FDR-010,2026-09-12T08:00:00,48.8,2.89,11.9,83.6,0
FDR-011,2026-06-15T08:00:00,54.7,2.39,19.7,88.5,0
FDR-011,2026-06-16T08:00:00,53.6,2.23,14.9,90.0,0
FDR-011,2026-06-17T08:00:00,59.5,2.0,13.6,89.3,0
FDR-011,2026-06-18T08:00:00,53.7,1.76,13.1,85.7,0
FDR-011,2026-06-19T08:00:00,55.2,2.04,22.4,90.2,0
FDR-011,2026-06-20T08:00:00,52.3,1.89,15.7,86.7,0
FDR-011,2026-06-21T08:00:00,55.2,2.77,16.1,88.0,0
FDR-011,2026-06-22T08:00:00,49.5,1.74,17.3,89.1,0
FDR-011,2026-06-23T08:00:00,56.0,1.76,19.7,88.4,0
FDR-011,2026-06-24T08:00:00,49.9,1.89,15.1,89.3,0
FDR-011,2026-06-25T08:00:00,50.4,2.68,17.0,91.1,0
FDR-011,2026-06-26T08:00:00,59.7,2.22,15.1,90.6,0
FDR-011,2026-06-27T08:00:00,50.2,2.76,16.9,88.5,0
FDR-011,2026-06-28T08:00:00,52.0,1.81,16.1,90.3,0
FDR-011,2026-06-29T08:00:00,55.4,1.41,15.0,90.4,0
FDR-011,2026-06-30T08:00:00,60.9,2.27,18.2,89.4,0
FDR-011,2026-07-01T08:00:00,54.2,1.87,14.3,86.7,0
FDR-011,2026-07-02T08:00:00,56.8,2.67,16.5,88.1,0
FDR-011,2026-07-03T08:00:00,58.4,3.22,11.8,90.5,0
FDR-011,2026-07-04T08:00:00,55.8,2.46,19.1,92.5,0
FDR-011,2026-07-05T08:00:00,55.0,3.19,13.5,90.9,0
FDR-011,2026-07-06T08:00:00,51.1,1.77,18.3,90.8,0
FDR-011,2026-07-07T08:00:00,53.7,2.56,14.9,91.6,0
FDR-011,2026-07-08T08:00:00,51.0,2.42,17.9,89.8,0
FDR-011,2026-07-09T08:00:00,55.4,2.29,9.3,86.5,0
FDR-011,2026-07-10T08:00:00,58.4,2.61,21.1,89.5,0
FDR-011,2026-07-11T08:00:00,60.5,2.28,20.1,88.5,0
FDR-011,2026-07-12T08:00:00,53.8,2.7,12.7,92.5,0
FDR-011,2026-07-13T08:00:00,60.9,2.33,21.2,88.3,0
FDR-011,2026-07-14T08:00:00,54.7,2.43,15.4,90.8,0
FDR-011,2026-07-15T08:00:00,58.1,2.59,15.5,86.4,0
FDR-011,2026-07-16T08:00:00,56.7,2.19,12.2,87.0,0
FDR-011,2026-07-17T08:00:00,54.6,2.94,18.2,87.6,0
FDR-011,2026-07-18T08:00:00,52.2,1.94,14.0,89.7,0
FDR-011,2026-07-19T08:00:00,58.7,3.42,22.3,88.4,0
FDR-011,2026-07-20T08:00:00,58.2,2.37,22.3,90.4,0
FDR-011,2026-07-21T08:00:00,53.9,2.72,14.7,88.1,0
FDR-011,2026-07-22T08:00:00,54.5,2.23,10.8,91.4,0
FDR-011,2026-07-23T08:00:00,63.4,1.84,21.1,86.0,0
FDR-011,2026-07-24T08:00:00,55.2,2.0,17.6,90.4,0
FDR-011,2026-07-25T08:00:00,51.5,2.27,19.3,87.5,0
FDR-011,2026-07-26T08:00:00,59.1,2.85,15.6,92.2,0
FDR-011,2026-07-27T08:00:00,49.6,2.09,18.7,91.3,0
FDR-011,2026-07-28T08:00:00,58.7,2.73,17.2,90.8,0
FDR-011,2026-07-29T08:00:00,55.5,1.75,19.8,90.5,0
FDR-011,2026-07-30T08:00:00,55.0,2.1,22.9,87.5,0
FDR-011,2026-07-31T08:00:00,55.6,2.05,16.9,91.7,0
FDR-011,2026-08-01T08:00:00,56.6,2.21,19.5,91.3,0
FDR-011,2026-08-02T08:00:00,55.2,2.16,14.9,85.6,0
FDR-011,2026-08-03T08:00:00,60.1,2.05,13.6,87.7,0
FDR-011,2026-08-04T08:00:00,52.0,2.78,16.8,87.4,0
FDR-011,2026-08-05T08:00:00,53.0,1.93,20.4,86.5,0
FDR-011,2026-08-06T08:00:00,55.7,2.53,18.2,89.9,0
FDR-011,2026-08-07T08:00:00,55.0,1.39,17.0,88.4,0
FDR-011,2026-08-08T08:00:00,51.4,2.91,20.8,88.7,0
FDR-011,2026-08-09T08:00:00,56.5,2.34,11.4,88.5,0
FDR-011,2026-08-10T08:00:00,58.0,2.29,14.1,91.7,0
FDR-011,2026-08-11T08:00:00,56.5,1.87,15.3,88.6,0
FDR-011,2026-08-12T08:00:00,52.5,2.64,15.4,89.7,0
FDR-011,2026-08-13T08:00:00,60.8,2.07,13.7,89.4,0
FDR-011,2026-08-14T08:00:00,54.1,2.2,14.3,86.3,0
FDR-011,2026-08-15T08:00:00,54.2,1.82,13.7,95.1,0
FDR-011,2026-08-16T08:00:00,62.7,3.28,16.1,87.2,0
FDR-011,2026-08-17T08:00:00,57.1,1.92,16.2,87.5,0
FDR-011,2026-08-18T08:00:00,58.1,2.29,18.0,88.2,0
FDR-011,2026-08-19T08:00:00,54.8,1.61,16.8,88.8,0
FDR-011,2026-08-20T08:00:00,56.7,2.15,14.1,89.6,0
FDR-011,2026-08-21T08:00:00,59.8,2.28,22.4,84.4,0
FDR-011,2026-08-22T08:00:00,52.8,2.23,13.1,83.9,0
FDR-011,2026-08-23T08:00:00,55.6,1.94,14.6,89.1,0
FDR-011,2026-08-24T08:00:00,54.8,2.08,18.9,87.8,0
FDR-011,2026-08-25T08:00:00,58.8,2.82,12.3,87.7,0
FDR-011,2026-08-26T08:00:00,58.2,1.82,15.3,89.7,0
FDR-011,2026-08-27T08:00:00,58.4,2.8,16.6,90.5,0
FDR-011,2026-08-28T08:00:00,56.4,2.98,17.0,89.1,0
FDR-011,2026-08-29T08:00:00,54.8,1.82,13.2,84.0,0
FDR-011,2026-08-30T08:00:00,59.8,3.12,11.9,91.1,0
FDR-011,2026-08-31T08:00:00,56.6,2.25,18.9,89.2,0
FDR-011,2026-09-01T08:00:00,63.4,2.7,14.7,87.2,0
FDR-011,2026-09-02T08:00:00,59.5,2.23,16.4,89.7,0
FDR-011,2026-09-03T08:00:00,55.6,2.8,14.2,84.8,0
FDR-011,2026-09-04T08:00:00,53.7,2.02,15.1,86.1,0
FDR-011,2026-09-05T08:00:00,52.6,1.75,19.9,87.2,0
FDR-011,2026-09-06T08:00:00,54.7,2.91,16.0,90.2,0
FDR-011,2026-09-07T08:00:00,58.4,2.56,15.3,87.3,0
FDR-011,2026-09-08T08:00:00,59.3,2.41,14.9,88.7,0
FDR-011,2026-09-09T08:00:00,55.3,1.62,18.5,91.5,0
FDR-011,2026-09-10T08:00:00,53.4,2.0,15.8,89.0,0
FDR-011,2026-09-11T08:00:00,61.5,2.67,17.6,88.2,0
FDR-011,2026-09-12T08:00:00,55.6,2.26,13.6,88.5,0
FDR-012,2026-06-15T08:00:00,61.2,1.62,8.4,82.4,0
FDR-012,2026-06-16T08:00:00,58.7,1.36,15.9,85.1,0
FDR-012,2026-06-17T08:00:00,66.2,1.86,14.1,85.2,0
FDR-012,2026-06-18T08:00:00,61.5,2.51,12.9,81.8,0
FDR-012,2026-06-19T08:00:00,61.3,2.24,14.4,84.9,0
FDR-012,2026-06-20T08:00:00,60.4,1.96,15.9,82.5,0
FDR-012,2026-06-21T08:00:00,57.5,2.42,6.0,85.0,0
FDR-012,2026-06-22T08:00:00,62.5,2.05,15.8,82.0,0
FDR-012,2026-06-23T08:00:00,60.8,1.47,8.7,83.6,0
FDR-012,2026-06-24T08:00:00,58.7,1.59,15.2,82.6,0
FDR-012,2026-06-25T08:00:00,57.9,1.98,16.9,84.9,0
FDR-012,2026-06-26T08:00:00,60.1,2.3,10.6,86.4,0
FDR-012,2026-06-27T08:00:00,63.8,1.9,13.0,84.6,0
FDR-012,2026-06-28T08:00:00,62.8,2.45,14.4,83.4,0
FDR-012,2026-06-29T08:00:00,55.1,2.63,11.4,83.2,0
FDR-012,2026-06-30T08:00:00,59.8,2.47,11.1,80.4,0
FDR-012,2026-07-01T08:00:00,64.3,2.32,17.0,82.7,0
FDR-012,2026-07-02T08:00:00,60.9,2.41,9.3,79.7,0
FDR-012,2026-07-03T08:00:00,57.4,1.79,17.7,87.9,0
FDR-012,2026-07-04T08:00:00,59.3,2.08,11.4,82.3,0
FDR-012,2026-07-05T08:00:00,60.9,2.18,11.3,82.5,0
FDR-012,2026-07-06T08:00:00,58.1,1.75,11.2,84.1,0
FDR-012,2026-07-07T08:00:00,61.4,1.84,15.3,82.9,0
FDR-012,2026-07-08T08:00:00,62.8,1.97,17.8,85.6,0
FDR-012,2026-07-09T08:00:00,62.1,2.62,10.4,86.2,0
FDR-012,2026-07-10T08:00:00,56.2,2.08,10.5,78.9,0
FDR-012,2026-07-11T08:00:00,56.0,1.87,13.8,82.0,0
FDR-012,2026-07-12T08:00:00,62.7,1.91,9.6,85.5,0
FDR-012,2026-07-13T08:00:00,63.5,1.95,7.5,80.6,0
FDR-012,2026-07-14T08:00:00,58.4,2.08,16.0,82.9,0
FDR-012,2026-07-15T08:00:00,60.8,2.22,8.8,85.0,0
FDR-012,2026-07-16T08:00:00,64.5,2.26,17.0,82.3,0
FDR-012,2026-07-17T08:00:00,59.9,2.59,11.9,81.5,0
FDR-012,2026-07-18T08:00:00,65.3,1.98,10.0,82.7,0
FDR-012,2026-07-19T08:00:00,53.5,2.46,16.4,80.3,0
FDR-012,2026-07-20T08:00:00,57.9,2.79,15.3,82.1,0
FDR-012,2026-07-21T08:00:00,59.4,2.21,16.6,84.3,0
FDR-012,2026-07-22T08:00:00,61.6,1.96,17.0,83.9,0
FDR-012,2026-07-23T08:00:00,56.6,1.89,17.8,79.1,0
FDR-012,2026-07-24T08:00:00,56.7,2.26,12.0,80.5,0
FDR-012,2026-07-25T08:00:00,49.4,1.91,15.9,80.8,0
FDR-012,2026-07-26T08:00:00,56.5,2.36,16.6,81.0,0
FDR-012,2026-07-27T08:00:00,58.9,1.44,12.4,81.3,0
FDR-012,2026-07-28T08:00:00,59.4,1.07,15.1,79.1,0
FDR-012,2026-07-29T08:00:00,55.9,1.95,6.3,79.5,0
FDR-012,2026-07-30T08:00:00,57.1,1.31,10.3,82.5,0
FDR-012,2026-07-31T08:00:00,65.0,2.39,5.0,82.3,0
FDR-012,2026-08-01T08:00:00,57.3,2.23,11.3,83.5,0
FDR-012,2026-08-02T08:00:00,61.9,1.89,7.4,81.9,0
FDR-012,2026-08-03T08:00:00,61.8,2.27,11.8,84.1,0
FDR-012,2026-08-04T08:00:00,59.6,1.53,12.9,84.4,0
FDR-012,2026-08-05T08:00:00,63.8,1.81,12.7,82.3,0
FDR-012,2026-08-06T08:00:00,55.9,2.17,9.6,82.9,0
FDR-012,2026-08-07T08:00:00,57.9,1.81,12.2,82.9,0
FDR-012,2026-08-08T08:00:00,61.4,1.88,11.5,83.5,0
FDR-012,2026-08-09T08:00:00,58.7,2.05,10.6,82.7,0
FDR-012,2026-08-10T08:00:00,62.4,2.37,14.8,85.2,0
FDR-012,2026-08-11T08:00:00,60.4,2.44,11.4,84.8,0
FDR-012,2026-08-12T08:00:00,62.2,2.71,14.9,84.1,0
FDR-012,2026-08-13T08:00:00,60.9,1.84,10.4,84.5,0
FDR-012,2026-08-14T08:00:00,56.1,2.67,13.0,84.0,0
FDR-012,2026-08-15T08:00:00,62.8,2.15,12.1,78.5,0
FDR-012,2026-08-16T08:00:00,61.0,2.27,8.0,83.1,0
FDR-012,2026-08-17T08:00:00,59.6,2.46,7.3,81.6,0
FDR-012,2026-08-18T08:00:00,59.3,1.7,12.9,78.6,0
FDR-012,2026-08-19T08:00:00,53.1,2.03,14.0,81.1,0
FDR-012,2026-08-20T08:00:00,61.0,2.17,14.1,82.9,0
FDR-012,2026-08-21T08:00:00,54.8,2.05,12.8,85.8,0
FDR-012,2026-08-22T08:00:00,55.4,2.96,12.1,80.6,0
FDR-012,2026-08-23T08:00:00,59.1,2.49,12.5,81.3,0
FDR-012,2026-08-24T08:00:00,62.0,2.44,12.4,86.2,0
FDR-012,2026-08-25T08:00:00,66.3,1.08,12.5,86.5,0
FDR-012,2026-08-26T08:00:00,61.4,2.64,14.1,79.9,0
FDR-012,2026-08-27T08:00:00,58.0,2.04,16.4,82.6,0
FDR-012,2026-08-28T08:00:00,58.5,1.83,12.9,83.2,0
FDR-012,2026-08-29T08:00:00,66.8,1.99,8.7,84.0,0
FDR-012,2026-08-30T08:00:00,60.7,2.12,10.2,83.7,0
FDR-012,2026-08-31T08:00:00,58.5,1.83,10.6,84.7,0
FDR-012,2026-09-01T08:00:00,55.6,2.01,11.6,84.2,0
FDR-012,2026-09-02T08:00:00,59.4,2.41,10.1,83.6,0
FDR-012,2026-09-03T08:00:00,60.7,2.08,17.1,83.8,0
FDR-012,2026-09-04T08:00:00,60.7,2.48,13.5,82.3,0
FDR-012,2026-09-05T08:00:00,62.8,2.94,10.7,84.0,0
FDR-012,2026-09-06T08:00:00,60.3,2.08,6.7,81.5,0
FDR-012,2026-09-07T08:00:00,57.5,2.62,9.0,85.4,0
FDR-012,2026-09-08T08:00:00,57.1,1.98,11.2,81.6,0
FDR-012,2026-09-09T08:00:00,55.2,2.6,15.7,85.2,0
FDR-012,2026-09-10T08:00:00,62.8,2.41,16.1,81.2,0
FDR-012,2026-09-11T08:00:00,61.6,2.63,13.4,82.4,0
FDR-012,2026-09-12T08:00:00,57.3,1.94,11.0,76.8,0
FDR-013,2026-06-15T08:00:00,54.9,3.03,19.7,89.4,0
FDR-013,2026-06-16T08:00:00,51.3,2.33,22.0,86.3,0
FDR-013,2026-06-17T08:00:00,60.2,1.82,20.4,87.7,0
FDR-013,2026-06-18T08:00:00,52.1,1.56,20.6,89.9,0
FDR-013,2026-06-19T08:00:00,56.7,2.23,21.8,89.4,0
FDR-013,2026-06-20T08:00:00,52.9,2.23,21.5,89.7,0
FDR-013,2026-06-21T08:00:00,54.7,1.83,17.6,87.0,0
FDR-013,2026-06-22T08:00:00,51.0,1.68,19.6,88.8,0
FDR-013,2026-06-23T08:00:00,53.5,2.03,18.4,87.0,0
FDR-013,2026-06-24T08:00:00,53.2,2.68,18.9,90.2,0
FDR-013,2026-06-25T08:00:00,51.4,1.65,18.6,86.9,0
FDR-013,2026-06-26T08:00:00,52.5,1.95,17.1,90.3,0
FDR-013,2026-06-27T08:00:00,52.5,1.94,18.2,89.5,0
FDR-013,2026-06-28T08:00:00,53.5,2.54,21.5,92.3,0
FDR-013,2026-06-29T08:00:00,55.6,2.28,18.9,86.2,0
FDR-013,2026-06-30T08:00:00,53.5,3.17,17.6,89.0,0
FDR-013,2026-07-01T08:00:00,51.1,2.87,16.9,89.6,0
FDR-013,2026-07-02T08:00:00,52.4,1.94,17.3,87.0,0
FDR-013,2026-07-03T08:00:00,51.4,2.2,23.0,90.3,0
FDR-013,2026-07-04T08:00:00,54.4,2.17,19.6,88.7,0
FDR-013,2026-07-05T08:00:00,57.1,2.34,23.0,88.5,0
FDR-013,2026-07-06T08:00:00,53.7,2.24,17.7,87.0,0
FDR-013,2026-07-07T08:00:00,50.0,1.76,15.3,87.1,0
FDR-013,2026-07-08T08:00:00,54.3,2.17,17.3,91.6,0
FDR-013,2026-07-09T08:00:00,55.2,1.8,19.0,90.2,0
FDR-013,2026-07-10T08:00:00,53.0,2.05,18.9,88.5,0
FDR-013,2026-07-11T08:00:00,54.2,2.66,19.1,88.0,0
FDR-013,2026-07-12T08:00:00,48.6,2.46,17.4,88.7,0
FDR-013,2026-07-13T08:00:00,54.4,2.64,14.6,90.7,0
FDR-013,2026-07-14T08:00:00,54.5,2.49,18.0,93.4,0
FDR-013,2026-07-15T08:00:00,54.8,2.39,13.0,88.5,0
FDR-013,2026-07-16T08:00:00,54.9,1.92,17.4,89.3,0
FDR-013,2026-07-17T08:00:00,55.8,1.82,17.2,88.5,0
FDR-013,2026-07-18T08:00:00,53.5,2.59,20.4,91.2,0
FDR-013,2026-07-19T08:00:00,61.2,2.51,19.2,88.8,0
FDR-013,2026-07-20T08:00:00,53.2,2.06,17.3,87.7,0
FDR-013,2026-07-21T08:00:00,49.6,2.49,16.1,89.4,0
FDR-013,2026-07-22T08:00:00,52.6,2.63,22.1,90.1,0
FDR-013,2026-07-23T08:00:00,52.4,2.28,18.4,88.2,0
FDR-013,2026-07-24T08:00:00,52.4,2.88,18.7,88.1,0
FDR-013,2026-07-25T08:00:00,54.0,2.38,16.3,89.5,0
FDR-013,2026-07-26T08:00:00,52.2,2.19,19.9,87.6,0
FDR-013,2026-07-27T08:00:00,57.6,1.93,19.2,89.8,0
FDR-013,2026-07-28T08:00:00,54.5,2.54,20.5,88.5,0
FDR-013,2026-07-29T08:00:00,52.3,2.29,23.8,86.9,0
FDR-013,2026-07-30T08:00:00,56.7,2.09,19.4,91.2,0
FDR-013,2026-07-31T08:00:00,49.8,2.07,20.4,91.4,0
FDR-013,2026-08-01T08:00:00,51.7,3.12,17.0,89.8,0
FDR-013,2026-08-02T08:00:00,58.2,2.37,24.7,85.7,0
FDR-013,2026-08-03T08:00:00,54.4,2.58,27.2,86.7,0
FDR-013,2026-08-04T08:00:00,57.6,3.29,19.7,87.8,0
FDR-013,2026-08-05T08:00:00,54.5,2.24,20.7,85.2,0
FDR-013,2026-08-06T08:00:00,49.3,2.59,22.7,85.0,0
FDR-013,2026-08-07T08:00:00,58.6,3.23,22.3,84.0,0
FDR-013,2026-08-08T08:00:00,53.4,3.73,21.4,83.1,0
FDR-013,2026-08-09T08:00:00,55.8,4.31,26.6,78.2,0
FDR-013,2026-08-10T08:00:00,56.5,4.18,26.4,76.8,1
FDR-013,2026-08-11T08:00:00,62.1,3.9,29.7,74.0,1
FDR-013,2026-08-12T08:00:00,58.0,4.3,35.0,69.5,1
FDR-013,2026-08-13T08:00:00,63.5,4.95,38.4,70.0,1
FDR-013,2026-08-14T08:00:00,57.8,4.9,41.4,67.1,1
FDR-013,2026-08-15T08:00:00,62.7,6.22,46.8,62.2,1
FDR-013,2026-08-16T08:00:00,66.9,6.11,50.4,58.4,1
FDR-013,2026-08-17T08:00:00,70.3,6.01,48.2,60.0,1
FDR-013,2026-08-18T08:00:00,74.3,7.19,48.8,56.9,1
FDR-013,2026-08-19T08:00:00,77.8,6.78,48.0,59.4,1
FDR-013,2026-08-20T08:00:00,70.2,6.65,55.8,52.5,1
FDR-013,2026-08-21T08:00:00,74.2,6.99,54.8,55.2,1
FDR-013,2026-08-22T08:00:00,66.9,6.72,55.8,55.0,1
FDR-013,2026-08-23T08:00:00,72.0,6.45,54.5,51.7,1
FDR-013,2026-08-24T08:00:00,71.1,7.62,58.7,48.0,0
FDR-013,2026-08-25T08:00:00,73.0,7.65,58.4,50.7,0
FDR-013,2026-08-26T08:00:00,73.5,6.95,63.5,51.3,0
FDR-013,2026-08-27T08:00:00,70.8,6.69,52.5,49.7,0
FDR-013,2026-08-28T08:00:00,76.5,7.2,57.0,49.0,0
FDR-013,2026-08-29T08:00:00,77.9,8.32,49.6,50.3,0
FDR-013,2026-08-30T08:00:00,74.9,7.62,56.2,50.0,0
FDR-013,2026-08-31T08:00:00,75.5,8.03,52.4,49.6,0
FDR-013,2026-09-01T08:00:00,74.8,7.01,56.1,53.6,0
FDR-013,2026-09-02T08:00:00,74.3,7.21,59.2,48.3,0
FDR-013,2026-09-03T08:00:00,73.9,7.6,61.4,52.3,0
FDR-013,2026-09-04T08:00:00,73.8,7.35,57.0,53.4,0
FDR-013,2026-09-05T08:00:00,77.1,7.64,57.9,49.3,0
FDR-013,2026-09-06T08:00:00,69.4,7.24,60.1,51.3,0
FDR-013,2026-09-07T08:00:00,77.3,7.35,52.9,49.6,0
FDR-013,2026-09-08T08:00:00,75.9,7.52,58.2,50.9,0
FDR-013,2026-09-09T08:00:00,71.9,7.68,56.2,51.8,0
FDR-013,2026-09-10T08:00:00,73.5,6.78,62.4,50.5,0
FDR-013,2026-09-11T08:00:00,76.0,7.66,57.7,50.1,0
FDR-013,2026-09-12T08:00:00,74.0,7.21,55.3,50.0,0
